nit,legal_name,email,email_rep_legal,phone,website,address,city,dept,source_url,matched
1004095143-8,SILVA SUAREZ NAKARY MARCELA,,,,,,Bucaramanga,SANTANDER,,false
1005199141-4,ARENAS ORELLANA VICTOR,,,,,,Giron,SANTANDER,,false
1005273560-3,PINZON LOMBANA JHOAN SEBASTIAN,,,,,,Barbosa,SANTANDER,,false
1005305842-4,MONSALVE ARDILA JOHAN FERNEY,,,,,,Bucaramanga,SANTANDER,,false
1005334760-2,VILLAMIZAR MARTINEZ MARIA FERNANDA,,,,,,Bucaramanga,SANTANDER,,false
1005338159-3,CACERES GUTIERREZ SERGIO AUGUSTO,,,,,,Giron,SANTANDER,,false
1005343962-1,GALVIS MAYORGA LUIS ANTONIO,,,,,,Oiba,SANTANDER,,false
1006455233-5,DAVID FELIPE YUNES MARTINEZ CARREÑO,VOLTWORKSASESORIA@GMAIL.COM,ingdavidmartinez95@gmail.com,3245107970,,CALLE 55 # 1-94,BUCARAMANGA,SANTANDER,https://www.datos.gov.co/Estad-sticas-Nacionales/SECOP-II-Proveedores-Registrados/qmzu-gj57,true
1010244595-5,CASTELLANOS RAMIREZ JULIAN ESTEBAN,,,,,,Barbosa,SANTANDER,,false
1013662230-6,JOHAN  SEBASTIAN RODRIGUEZ GUERRERO,JSRGING@GMAIL.COM,jsrging@gmail.com,3229060350,,CALLE 15A # 5-65 SAN LUIS,BUCARAMANGA,SANTANDER,https://www.datos.gov.co/Estad-sticas-Nacionales/SECOP-II-Proveedores-Registrados/qmzu-gj57,true
1015466342-1,PINZON CAICEDO LINA MARIA,,,,,,Guavata,SANTANDER,,false
1019002489-7,MORALES MARTINEZ JORGE ANTONIO,,,,,,Piedecuesta,SANTANDER,,false
1032357562-8,APARICIO CARREÑO WILSON,,,,,,Bucaramanga,SANTANDER,,false
1039695308-8,CASTELLANO SALDARRIAGA YASMIN ANDREA,,,,,,Velez,SANTANDER,,false
1051287899-2,RIAÑO URREA NELSON ANDRES,,,,,,Bucaramanga,SANTANDER,,false
1052390173-8,ESTUPIÑAN RIAÑO NESTOR LEONARDO,,,,,,Bucaramanga,SANTANDER,,false
1053609307-5,EDWIN RICARDO BENITEZ,ABIOTECHINGENIERIA@GMAIL.COM,abiotechingenieria@gmail.com,3212830957,,"SAMANES 6, 403",BUCARAMANGA,SANTANDER,https://www.datos.gov.co/Estad-sticas-Nacionales/SECOP-II-Proveedores-Registrados/qmzu-gj57,true
10540286-2,GOMEZ ORTIZ ERASMO,,,,,,Bucaramanga,SANTANDER,,false
1064715800-9,GUERRERO ECHAVEZ CARLOS FABIAN,,,,,,Floridablanca,SANTANDER,,false
10772108-5,HOYOS  JOSE DAVID,,,,,,Charala,SANTANDER,,false
1082862640-1,PARDO RODRIGUEZ KATIANA,,,,,,Floridablanca,SANTANDER,,false
1091658630-7,TRILLOS GOMEZ MELITSA MARIA,,,,,,Piedecuesta,SANTANDER,,false
1091664884-5,MONCADA FELIZZOLA LEIDY TATIANA,,,,,,Bucaramanga,SANTANDER,,false
1092348167-1,CARDENAS GARCIA MIGUEL ANDRES,,,,,,Bucaramanga,SANTANDER,,false
1094266840-5,CRISTANCHO BAUTISTA CONCHITA YURLEY,,,,,,Bucaramanga,SANTANDER,,false
1095701006-9,CARREÑO REMOLINA LUIS ARMANDO,,,,,,Barichara,SANTANDER,,false
1095701830-1,DIEGO ANDRES SILVA CASTILLO,DIEGOBARICHARA@GMAIL.COM,diegobarichara@gmail.com,3184798075,,CALLE 6 N° 2-61 BLOQUE D CASA 2,BARICHARA,SANTANDER,https://www.datos.gov.co/Estad-sticas-Nacionales/SECOP-II-Proveedores-Registrados/qmzu-gj57,true
1095786547-6,GOMEZ SANTOS JORGE ENRIQUE,,,,,,Bucaramanga,SANTANDER,,false
1095791158-4,VIVAS GRANADOS JUAN DIEGO,,,,,,Floridablanca,SANTANDER,,false
1095796161-1,GAMARRA DURAN JONATHAN,,,,,,Piedecuesta,SANTANDER,,false
1095803689-7,RUEDA VEGA DANIEL ANDRES,,,,,,Piedecuesta,SANTANDER,,false
1095806144-9,DUARTE SERRANO JHON HERIBERTO,,,,,,Floridablanca,SANTANDER,,false
1095807176-9,RODRIGUEZ HERNANDEZ EDWER FERLEY,,,,,,Floridablanca,SANTANDER,,false
1095811064-8,CORONEL GONZALEZ DIEGO FERNANDO,,,,,,Floridablanca,SANTANDER,,false
1095812342-5,LAGOS CUELLAR ANGIE YARELIN,,,,,,Bucaramanga,SANTANDER,,false
1095815376-9,TOPOGARFIA CAD & BIM,CBORRERO@OUTLOOK.ES,cborrero@outlook.es,3502208599,,CRA 28 193 28,FLORIDABLANCA,SANTANDER,https://www.datos.gov.co/Estad-sticas-Nacionales/SECOP-II-Proveedores-Registrados/qmzu-gj57,true
1095816490-5,DIEGO FERNANDO RUDA RODRIGUEZ,SOLUCIONESINNOVADORASORIENTE@GMAIL.COM,solucionesinnovadorasoriente@gmail.com,3214298210,,CALLE 4 # 2 - 67,SAN MIGUEL,SANTANDER,https://www.datos.gov.co/Estad-sticas-Nacionales/SECOP-II-Proveedores-Registrados/qmzu-gj57,true
1095823405-8,DAYANA ESLENDY JAIMES ACEVEDO,DAYANA.JAIMES23@HOTMAIL.COM,dayana.jaimes23@hotmail.com,3202666468,,CARRERA 18A #200A-09 LA PAZ,FLORIDABLANCA,SANTANDER,https://www.datos.gov.co/Estad-sticas-Nacionales/SECOP-II-Proveedores-Registrados/qmzu-gj57,true
1095826275-0,RODRIGUEZ ESPARZA JUAN DAVID,,,,,,Floridablanca,SANTANDER,,false
1095828545-3,VASQUEZ RODRIGUEZ CAMILO ANDRES,,,,,,Bucaramanga,SANTANDER,,false
1095837376-3,CORDERO ESTUPIÑAN MIGUEL DAVID,,,,,,Malaga,SANTANDER,,false
1095908666-1,FERNANDEZ JIMENEZ JORGE ARMANDO,,,,,,Giron,SANTANDER,,false
1095909703-9,ANAYA DELGADO MANUEL ANDRES,,,,,,Bucaramanga,SANTANDER,,false
1095924384-5,MURILLO CAMARGO LAURA NATHALI,,,,,,Bucaramanga,SANTANDER,,false
1095926422-6,FONSECA GONZALEZ JAIME ANDRES,,,,,,Floridablanca,SANTANDER,,false
1095927470-4,REY POVEDA LUSWING MAURICIO,,,,,,Bucaramanga,SANTANDER,,false
1095947074-6,MANTILLA PEÑA LISANDRO ENRIQUE,,,,,,Giron,SANTANDER,,false
1095949382-9,CARMEN JOHLYETH CACERES GOMEZ,MARS.CONTRATACION@GMAIL.COM,johlyeth@gmail.com,3163192191,,TVSAL 23A 52A 26,GIRoN,SANTANDER,https://www.datos.gov.co/Estad-sticas-Nacionales/SECOP-II-Proveedores-Registrados/qmzu-gj57,true
1096220946-6,JEFFERSON  SNEIDER ARIAS HERNANDEZ,,jeffersonarias15@hotmail.com,,,,Bucaramanga,SANTANDER,https://www.datos.gov.co/Estad-sticas-Nacionales/SECOP-II-Proveedores-Registrados/qmzu-gj57,true
1097890498-5,SOSA CONTRERAS JIME LEANDRO,,,,,,El Guacamayo,SANTANDER,,false
1097970403-1,CASTILLO SANCHEZ GILBERTO,,,,,,San Gil,SANTANDER,,false
1097990059-4,RUGELES AGUDELO MARIBEL,,,,,,Barbosa,SANTANDER,,false
1098131713-2,RUBIANO MURILLO JOLMAN JAIR,,,,,,San Jose De Miranda,SANTANDER,,false
1098286515-6,DIAZ ALVAREZ BALMER JHOAN,,,,,,Bucaramanga,SANTANDER,,false
1098602764-1,DOMINGUEZ ACERO JHON EDINSON,,,,,,Giron,SANTANDER,,false
1098603021-0,BAEZ BAREÑO DIEGO ARMANDO,,,,,,Giron,SANTANDER,,false
1098614066-9,GARCES GONZALEZ JOSE MIGUEL,,,,,,Bucaramanga,SANTANDER,,false
1098614322-1,CATALINA MEDRANO,,catameba@hotmail.com,,,,Bucaramanga,SANTANDER,https://www.datos.gov.co/Estad-sticas-Nacionales/SECOP-II-Proveedores-Registrados/qmzu-gj57,true
1098621248-1,ROMAN JAIMES SERGIO ANDRES,,,,,,Bucaramanga,SANTANDER,,false
1098627188-5,RAMIREZ FLOREZ ADRIAN CAMILO,,,,,,Bucaramanga,SANTANDER,,false
1098628177-9,VELEZ SANCHEZ JEISSON EMILIO,,,,,,Floridablanca,SANTANDER,,false
1098628319-8,GOMEZ MANCILLA DIEGO ARMANDO,,,,,,Floridablanca,SANTANDER,,false
1098629693-2,ENRIQUE GARAY,ENGAVE11@HOTMAIL.COM,engave11@hotmail.com,3208601226,,CALLE 7 NO. 3-39,MATANZA,SANTANDER,https://www.datos.gov.co/Estad-sticas-Nacionales/SECOP-II-Proveedores-Registrados/qmzu-gj57,true
1098630675-1,G2 INGENIERIA SOLUCIONES AMBIENTALES,G2INGENIERIASA@GMAIL.COM,g2ingenieriasa@gmail.com,3178735843,,CALLE 67#17-14 OFICINA 501,BUCARAMANGA,SANTANDER,https://www.datos.gov.co/Estad-sticas-Nacionales/SECOP-II-Proveedores-Registrados/qmzu-gj57,true
1098635694-4,NAVARRO CASTELLANOS DENYS MARCELA,,,,,,Bucaramanga,SANTANDER,,false
1098635740-5,ACOSTA CORREA CARLOS ANDRES,,,,,,Bucaramanga,SANTANDER,,false
1098636894-5,MILLAN BERNAL DIEGO ARMANDO,,,,,,Bucaramanga,SANTANDER,,false
1098637618-3,ARIAS GRANADOS RENZO MAURICIO,,,,,,Floridablanca,SANTANDER,,false
1098638082-0,CASTELLANOS TORRES ANDERSON,,,,,,Bucaramanga,SANTANDER,,false
1098640799-9,ANDERSON ADRIAN AYALA,ANDER-AYALA@HOTMAIL.COM,ANDER-AYALA@HOTMAIL.COM,3183908152,,CLL 17 #1W-50 APTO 1207 TORRE 2 PRADOS DE MIRAFLORES,PIEDECUESTA,SANTANDER,https://www.datos.gov.co/Estad-sticas-Nacionales/SECOP-II-Proveedores-Registrados/qmzu-gj57,true
1098645460-0,TOCUA SAAVEDRA CARLOS JAIR,,,,,,Bucaramanga,SANTANDER,,false
1098649809-5,JORGE ISMAEL REDONDO SARMIENTO,ACERCOINGENIERIA@GMAIL.COM,acercoingenieria@gmail.com,3005730152,,CALLE 17N28 06,BUCARAMANGA,SANTANDER,https://www.datos.gov.co/Estad-sticas-Nacionales/SECOP-II-Proveedores-Registrados/qmzu-gj57,true
1098649822-1,FELIPE VALBUENA GOMEZ,,magosfx@hotmail.com,,,,Bucaramanga,SANTANDER,https://www.datos.gov.co/Estad-sticas-Nacionales/SECOP-II-Proveedores-Registrados/qmzu-gj57,true
1098651151-4,BLANCO GAMBOA OSCAR ANDRES,,,,,,Bucaramanga,SANTANDER,,false
1098654222-2,DIEGO ARMANDO CARVAJAL RUEDA,DKSOLUCIONES1@GMAIL.COM,dksoluciones1@gmail.com,3158373570,,"CALLE 18 # 31-76, SAN ALONSO, BUCARAMANGA",BUCARAMANGA,SANTANDER,https://www.datos.gov.co/Estad-sticas-Nacionales/SECOP-II-Proveedores-Registrados/qmzu-gj57,true
1098657739-1,HERRERA CASTAÑEDA GUSTAVO ADOLFO,,,,,,Floridablanca,SANTANDER,,false
1098660252-8,RUEDA LOZANO LUIS ALFREDO,,,,,,Bucaramanga,SANTANDER,,false
1098660850-2,ALBA  DURAN CARLOS ANDRES,,,,,,Bucaramanga,SANTANDER,,false
1098672747-3,KARIN RUIZ NUÑEZ,,ingkrn@hotmail.com,,,,Bucaramanga,SANTANDER,https://www.datos.gov.co/Estad-sticas-Nacionales/SECOP-II-Proveedores-Registrados/qmzu-gj57,true
1098673857-1,CARRILLO CANO MARCO ANDERSSON,,,,,,Bucaramanga,SANTANDER,,false
1098676799-4,SILVIA PATRICIA CACERES RONDON,EDSPALMASDELRIO@GMAIL.COM,edspalmasdelrio@gmail.com,3173829469,,KM 47 VIA AL MAR,EL PLAYoN,SANTANDER,https://www.datos.gov.co/Estad-sticas-Nacionales/SECOP-II-Proveedores-Registrados/qmzu-gj57,true
1098676922-4,CABRERA DELGADO JHON ALEXANDER,,,,,,Floridablanca,SANTANDER,,false
1098677644-6,LEYNER YESID PRADA MENDEZ,LEYNERPRADA@GMAIL.COM,leynerprada@gmail.com,3183919386,,CARRERA 16 # 1 N - 15 BARRIO SAN CARLOS,BUCARAMANGA,SANTANDER,https://www.datos.gov.co/Estad-sticas-Nacionales/SECOP-II-Proveedores-Registrados/qmzu-gj57,true
1098677810-2,KATHERINE HERNaNDEZ,KATHERINEHDEZARIZA@GMAIL.COM,katherinehdezariza@gmail.com,3212535495,,CRA 22 A NO. 110-16,BUCARAMANGA,SANTANDER,https://www.datos.gov.co/Estad-sticas-Nacionales/SECOP-II-Proveedores-Registrados/qmzu-gj57,true
1098679326-8,FERNANDEZ MUÑOZ JUAN DAVID,,,,,,Floridablanca,SANTANDER,,false
1098680616-0,MORALES VARGAS SERGIO ANDRES,,,,,,Bucaramanga,SANTANDER,,false
1098682511-5,JOSE FABIAN VALBUENA MACHUCA,FABIAN_AMB28@HOTMAIL.COM,g2v.ecoingenieria@gmail.com,6878741,,CR 37 # 100 - 23,BUCARAMANGA,SANTANDER,https://www.datos.gov.co/Estad-sticas-Nacionales/SECOP-II-Proveedores-Registrados/qmzu-gj57,true
1098685704-3,IVAN FERNEY GARCIA APARICIO,IVANFER_25@HOTMAIL.COM,ivanfer_25@hotmail.com,3045967571,,CARRERA 27 63 18,BUCARAMANGA,SANTANDER,https://www.datos.gov.co/Estad-sticas-Nacionales/SECOP-II-Proveedores-Registrados/qmzu-gj57,true
1098687506-0,VEGA ARENAS SERGIO DANIEL,,,,,,Bucaramanga,SANTANDER,,false
1098689741-4,LANDAZURI BASTO JOHAN ALEXANDER,,,,,,Bucaramanga,SANTANDER,,false
1098697046-7,MUÑOZ GUALDRON LIZETH VANESSA,,,,,,Bucaramanga,SANTANDER,,false
1098702683-0,DELGADO BOHORQUEZ JOHAN SEBASTIAN,,,,,,Giron,SANTANDER,,false
1098703500-6,PINILLA ACERO HEBERTH ALEXIS,,,,,,Bucaramanga,SANTANDER,,false
1098704910-7,JOSE RICARDO BUENO HERNANDEZ,ING.JRBUENO@GMAIL.COM,ing.jrbueno@gmail.com,3054714506,,CIUDALELA VILLAMIL,BUCARAMANGA,SANTANDER,https://www.datos.gov.co/Estad-sticas-Nacionales/SECOP-II-Proveedores-Registrados/qmzu-gj57,true
1098706360-5,RIVERA SANGUINO JHON JAIRO,,,,,,San Gil,SANTANDER,,false
1098709204-8,SANABRIA ROMERO ERWIN JAIR,,,,,,Floridablanca,SANTANDER,,false
1098710787-1,GAMBOA SANCHEZ EVERTH ANDRES,,,,,,Bucaramanga,SANTANDER,,false
1098711070-4,CERON CHAPARRO MAURICIO,,,,,,San Gil,SANTANDER,,false
1098712968-7,FONNEGRA ROA YON HOLMAN,,,,,,Bucaramanga,SANTANDER,,false
1098713338-1,ALBARRACIN RODRIGUEZ RODRIGO,,,,,,Piedecuesta,SANTANDER,,false
1098714182-4,CARLOS MARIO DIAZ PRADA,CMDIAZ27@GMAIL.COM,cmdiaz27@gmail.com,3124600867,,CARRERA 27 NO. 31-81 GIRoN,GIRoN,SANTANDER,https://www.datos.gov.co/Estad-sticas-Nacionales/SECOP-II-Proveedores-Registrados/qmzu-gj57,true
1098715541-1,ANDRES FELIPE ARISTIZABAL MARTINEZ,,proyectosyservicioses@gmail.com,,,,Bucaramanga,SANTANDER,https://www.datos.gov.co/Estad-sticas-Nacionales/SECOP-II-Proveedores-Registrados/qmzu-gj57,true
1098716777-5,BERNAL OLARTE JAIME JEANPIERRE,,,,,,Giron,SANTANDER,,false
1098723246-5,DIEGO VILLARREAL,DIEGOVILLARREAL0717@GMAIL.COM,diegovillarreal0717@gmail.com,3134070820,,CALLE 34A #44-11,BUCARAMANGA,SANTANDER,https://www.datos.gov.co/Estad-sticas-Nacionales/SECOP-II-Proveedores-Registrados/qmzu-gj57,true
1098725244-1,DANIEL ALEJANDRO SaNCHEZ BOTIA,DA44@MISENA.EDU.CO,DA44@MISENA.EDU.CO,6468036,,CALLE 32 N° 38 - 33,BUCARAMANGA,SANTANDER,https://www.datos.gov.co/Estad-sticas-Nacionales/SECOP-II-Proveedores-Registrados/qmzu-gj57,true
1098725711-8,MORALES GOMEZ DAYRON FABIAN,,,,,,Charta,SANTANDER,,false
1098729262-0,DIAZ HERNANDEZ FRANK ERIC,,,,,,Bucaramanga,SANTANDER,,false
1098735482-9,RUIZ PARDO CINDY KATERINE,,,,,,Bucaramanga,SANTANDER,,false
1098737201-5,RODRIGUEZ VASQUEZ JESSICA,,,,,,Bucaramanga,SANTANDER,,false
1098737868-7,NAJM GARZON JOUSSEF CHARLIE,,,,,,Bucaramanga,SANTANDER,,false
1098745469-5,SERGIO ANDReS ORTIZ BRAVO,DRONEINGENARQ@GMAIL.COM,Droneingenarq@gmail.com,3203984632,,CRA 17A #64-08,BUCARAMANGA,SANTANDER,https://www.datos.gov.co/Estad-sticas-Nacionales/SECOP-II-Proveedores-Registrados/qmzu-gj57,true
1098746690-1,JORGEN CHRISTIAN CLAUSEN MARTINEZ-VILLALBA,JORGENCCM@HOTMAIL.COM,jorgenccm@hotmail.com,6397842,,VIA RUITOQUE BAJO PORTAL DE TRINITARIOS CASA 3,FLORIDABLANCA,SANTANDER,https://www.datos.gov.co/Estad-sticas-Nacionales/SECOP-II-Proveedores-Registrados/qmzu-gj57,true
1098748233-8,PAOLA ANDREA MOJICA RODRIGUEZ,,paolamojica.arq@gmail.com,,,,Bucaramanga,SANTANDER,https://www.datos.gov.co/Estad-sticas-Nacionales/SECOP-II-Proveedores-Registrados/qmzu-gj57,true
1098749933-1,HERRERA DIAZ ANGIE NOHEMY,,,,,,Bucaramanga,SANTANDER,,false
1098752601-0,CARTAGENA HERNANDEZ JUAN SEBASTIAN,,,,,,Bucaramanga,SANTANDER,,false
1098752603-5,MIGUELOSORIOGOMEZ,MIGUELANGELOSORIOGOMEZ@HOTMAIL.COM,miguelangelosoriogomez@hotmail.com,3188087109,,"CARRERA 49 # 73 - 04 CASA D-17 TESORO DEL CACIQUE, LAGOS DEL CACIQUE, BUCARAMANGA",BUCARAMANGA,SANTANDER,https://www.datos.gov.co/Estad-sticas-Nacionales/SECOP-II-Proveedores-Registrados/qmzu-gj57,true
1098753391-3,GINNA VANESSA MEDRANO FORERO,GINNAMEDRANO@GMAIL.COM,ginnamedrano@gmail.com,3152692003,,CALLE 60 N 9 - 143,BUCARAMANGA,SANTANDER,https://www.datos.gov.co/Estad-sticas-Nacionales/SECOP-II-Proveedores-Registrados/qmzu-gj57,true
1098759564-8,BAYRON YITZHAK LOPEZ PARRA,ING.BAYRONLOPEZ@HOTMAIL.COM,ing.bayronlopez@hotmail.com,3172211783,,CARRERA 8W # 62-48,BUCARAMANGA,SANTANDER,https://www.datos.gov.co/Estad-sticas-Nacionales/SECOP-II-Proveedores-Registrados/qmzu-gj57,true
1098759944-3,HERRERA RODRIGUEZ SERGIO ANDRES,,,,,,Bucaramanga,SANTANDER,,false
1098760695-6,OVALLE GEREDA MARIA FERNANDA,,,,,,Bucaramanga,SANTANDER,,false
1098761611-2,BAYONA VELANDIA OLINDA FERNANDA,,,,,,Bucaramanga,SANTANDER,,false
1098768065-2,VERA  DIAZ LAURA ALEJANDRA,,,,,,Bucaramanga,SANTANDER,,false
1098773814-2,ROPERO ARENAS YUDI STEFFANY,,,,,,Bucaramanga,SANTANDER,,false
1098773826-0,ORTIZ PEÑA SIK LAD,,,,,,Los Santos,SANTANDER,,false
1098774634-8,GOMEZ SOLANO CARLOS ANDREY,,,,,,Floridablanca,SANTANDER,,false
1098779855-1,SOMMERS CAMPOS,ING.SOMMERSBCAMPOS@GMAIL.COM,ing.sommersbcampos@gmail.com,6076301883,,CALLE 15 # 21-28 APTO 1602,BUCARAMANGA,SANTANDER,https://www.datos.gov.co/Estad-sticas-Nacionales/SECOP-II-Proveedores-Registrados/qmzu-gj57,true
1098780241-1,PLATA ROSAS IVAN ANDRES,,,,,,Bucaramanga,SANTANDER,,false
1098788060-1,TAFUR ACUÑA LUIS FERNANDO,,,,,,Bucaramanga,SANTANDER,,false
1098788183-9,GAMBOA JIMENEZ EMERSON JULIAN,,,,,,Bucaramanga,SANTANDER,,false
1098789891-1,SIERRA MARTINEZ PRISCILA ANDREA,,,,,,Bucaramanga,SANTANDER,,false
1098790834-1,ESLAVA LOZANO DIEGO FERNANDO,,,,,,Floridablanca,SANTANDER,,false
1098798697-5,LAURA JULIANA VALENCIA CABALLERO,LAURAJCABALLERO@GMAIL.COM,laurajcaballero@gmail.com,3127985252,,CLL 104 #31-48,BUCARAMANGA,SANTANDER,https://www.datos.gov.co/Estad-sticas-Nacionales/SECOP-II-Proveedores-Registrados/qmzu-gj57,true
1098806278-8,GONZALEZ HERRERA JUAN CARLOS,,,,,,Bucaramanga,SANTANDER,,false
1098816059-4,ALVARADO RUIZ GILBERT JOSE,,,,,,Floridablanca,SANTANDER,,false
1098820652-8,RAMIREZ NARANJO ANA MARIA,,,,,,Floridablanca,SANTANDER,,false
1098821686-2,DIEGO AMAURY DAZA BAEZ,DIAMDABA99@GMAIL.COM,diamdaba99@gmail.com,3116659785,,CARRERA 24 #9A-30 APTO 401 BARRIO MUTUALIDAD,BUCARAMANGA,SANTANDER,https://www.datos.gov.co/Estad-sticas-Nacionales/SECOP-II-Proveedores-Registrados/qmzu-gj57,true
1098822298-2,MIRANDA BELTRAN IVAN ALEXANDER,,,,,,Bucaramanga,SANTANDER,,false
1099205923-5,JULIAN ANDRES GONZALEZ CEPEDA,,julian.gonzalez.cep@gmail.com,,,,Barbosa,SANTANDER,https://www.datos.gov.co/Estad-sticas-Nacionales/SECOP-II-Proveedores-Registrados/qmzu-gj57,true
1099208759-7,TATIANA ROJAS ALZA,TATIANAROJASALZA@GMAIL.COM,tatianarojasalza@gmail.com,7483232,,CALLE 1,POPAYaN,CAUCA,https://www.datos.gov.co/Estad-sticas-Nacionales/SECOP-II-Proveedores-Registrados/qmzu-gj57,true
1099210334-7,QUIROGA BECERRA OMAR ANDRES,,,,,,Barbosa,SANTANDER,,false
1099322777-7,SILVIA ANDREA GARZoN FIGUEREDO,,silviaandreagarzon@gmail.com,,,,Gambita,SANTANDER,https://www.datos.gov.co/Estad-sticas-Nacionales/SECOP-II-Proveedores-Registrados/qmzu-gj57,true
1100890814-1,HERNANDEZ DIAZ SERGIO JOHAN,,,,,,Bucaramanga,SANTANDER,,false
1100954222-6,TAPIAS ALFONSO JHON JAIRO,,,,,,San Gil,SANTANDER,,false
1100954956-3,MARIO ANDRES BARRERA VASQUEZ,MARIOANDRESBARRERAV@GMAIL.COM,marioandresbarrerav@gmail.com,3017843179,,CARRERA 7 14-69,SAN GIL,SANTANDER,https://www.datos.gov.co/Estad-sticas-Nacionales/SECOP-II-Proveedores-Registrados/qmzu-gj57,true
1100955866-3,JEAN PIERRE POINTUD PEDRAZA,JEANPIERRE555@GMAIL.COM,jean_pointud@solucioneselectricas.co,3153464160,,CARRERA 7A #3 B - 26,SAN GIL,SANTANDER,https://www.datos.gov.co/Estad-sticas-Nacionales/SECOP-II-Proveedores-Registrados/qmzu-gj57,true
1100958921-4,PINZÓN PORRAS JULIO ANDRÉS,,,,,,Bucaramanga,SANTANDER,,false
1100963788-0,VELASQUEZ MANTILLA JHON FREDY,,,,,,San Gil,SANTANDER,,false
1100963852-4,YEISON FABIaN SaNCHEZ ACEVEDO,YEISONFSA@HOTMAIL.COM,yeisonfsa@hotmail.com,3212565367,,CALLE 17 A #4-04,SAN GIL,SANTANDER,https://www.datos.gov.co/Estad-sticas-Nacionales/SECOP-II-Proveedores-Registrados/qmzu-gj57,true
1100965459-1,GUALDRON ARENAS FERNEY GIOVANY,,,,,,San Gil,SANTANDER,,false
1101546582-6,VILLAMIL PINZON WILLINGTON,,,,,,Oiba,SANTANDER,,false
1101685494-1,RIOS YEPES JORGE CIRO,,,,,,Socorro,SANTANDER,,false
1101690091-7,FORERO MANTILLA ANDREY RAUL,,,,,,Socorro,SANTANDER,,false
1101690596-4,JESUS ALFONSO SANCHEZ SOLANO,JESUSSANSOL92@GMAIL.COM,jesussansol92@gmail.com,3154192126,,CARRERA 30  33-53,BUCARAMANGA,SANTANDER,https://www.datos.gov.co/Estad-sticas-Nacionales/SECOP-II-Proveedores-Registrados/qmzu-gj57,true
1101695063-3,FORERO MANTILLA LAINY JULIETH,,,,,,Socorro,SANTANDER,,false
1101760353-2,NICOLAS SANTIAGO VANEGAS LEON,SANTIAGO_LEON24@HOTMAIL.COM,Santiago_Leon24@hotmail.com,3219517579,,CRA2 #4-37,VeLEZ,SANTANDER,https://www.datos.gov.co/Estad-sticas-Nacionales/SECOP-II-Proveedores-Registrados/qmzu-gj57,true
1102042720-6,TANIA JIMENA BARCENAS LIZARAZO,TANIA.BARCENAS18@GMAIL.COM,tania.barcenas18@gmail.com,3142979874,,CRA 13 N 13A - 20 EDIFICIO BELOHORIZONTE TORRE A APTO 301,MaLAGA,SANTANDER,https://www.datos.gov.co/Estad-sticas-Nacionales/SECOP-II-Proveedores-Registrados/qmzu-gj57,true
1102349678-3,VASQUEZ SANCHEZ ANGIE TATIANA,,,,,,Bucaramanga,SANTANDER,,false
1102356202-0,EDISSON FERNEY PEÑA VALENCIA,,INGEDISSONPEVA@GMAIL.COM,,,,Piedecuesta,SANTANDER,https://www.datos.gov.co/Estad-sticas-Nacionales/SECOP-II-Proveedores-Registrados/qmzu-gj57,true
1102366678-5,VALDES SILVA ADOVAN,,,,,,Piedecuesta,SANTANDER,,false
1102366902-0,JAHIR JOSE GARCIA PONTON,JHA91GA@HOTMAIL.COM,jha91ga@hotmail.com,3225881259,,AVENIDA 17 # 7W-51,PIEDECUESTA,SANTANDER,https://www.datos.gov.co/Estad-sticas-Nacionales/SECOP-II-Proveedores-Registrados/qmzu-gj57,true
1102371386-1,ADRIANA VICTORIA CORREA DAZA,ADRIANAVCORREADAZA@GMAIL.COM,adrianavcorreadaza@gmail.com,3017792851,,CARRERA 4W #17-56 TORRE 2 APT 712 MIRAFLORES DEL VALLE,PIEDECUESTA,SANTANDER,https://www.datos.gov.co/Estad-sticas-Nacionales/SECOP-II-Proveedores-Registrados/qmzu-gj57,true
1102372299-1,JHON FREDY ROJAS VARGAS,,jhonfrerojas@hotmail.com,,,,Piedecuesta,SANTANDER,https://www.datos.gov.co/Estad-sticas-Nacionales/SECOP-II-Proveedores-Registrados/qmzu-gj57,true
1102373858-3,ANDREA KATHERINE ACEVEDO VELASCO,AKACEVEDO2194@GMAIL.COM,akacevedo2194@gmail.com,3187737510,,CARRERA 16 1F 16 SAN FRANCISCO DE LA CUESTA,BUCARAMANGA,SANTANDER,https://www.datos.gov.co/Estad-sticas-Nacionales/SECOP-II-Proveedores-Registrados/qmzu-gj57,true
1102376319-9,ROJAS SILVA LUIS ALEXANDER,,,,,,Piedecuesta,SANTANDER,,false
1102376824-7,VEGA DIAZ JONATHAN ENRIQUE,,,,,,Bucaramanga,SANTANDER,,false
1102377261-5,RODRIGUEZ BLANCO JOSE ANTONIO,,,,,,Piedecuesta,SANTANDER,,false
1102385185-7,ARIAS AMAYA NICOLAS,,,,,,Piedecuesta,SANTANDER,,false
1102548868-1,VILLARREAL USECHE ANIBAL ANDRES,,,,,,Zapatoca,SANTANDER,,false
1102721571-9,SANABRIA NEIRA ELKIN SAMUEL,,,,,,Bucaramanga,SANTANDER,,false
1103712953-4,ZAMIR GAMEZ APONTE,,zamirgameza@gmail.com,,,,Suaita,SANTANDER,https://www.datos.gov.co/Estad-sticas-Nacionales/SECOP-II-Proveedores-Registrados/qmzu-gj57,true
1104070721-1,CARREÑO GOMEZ MAYRA LIZETH,,,,,,Piedecuesta,SANTANDER,,false
1104132836-5,DAZA PEÑA MARIA CAROLINA,,,,,,Piedecuesta,SANTANDER,,false
1117492201-1,QUINTERO ZAMBRANO JARVIS,,,,,,San Gil,SANTANDER,,false
1125797475-1,ESTACION DE SERVICIO EL PEDREGAL RAGONVALIA,JCASTRO_29SIERRA@HOTMAIL.COM,jcastro_29sierra@hotmail.com,3159273060,,KILOMETRO 16 VIA CHINACOTA RAGONVALIA,RAGONVALIA,NORTE DE SANTANDER,https://www.datos.gov.co/Estad-sticas-Nacionales/SECOP-II-Proveedores-Registrados/qmzu-gj57,true
1126904156-9,CABELLO ACEVEDO DARIO ALBERTO,,,,,,Socorro,SANTANDER,,false
1127060354-0,FRANYER ESTIBEN GARCIA ORTEGA,LEGOCOMPANY274@GMAIL.COM,Franyer098@gmail.com,3104274230,,CALLE 28 #30-44 APTO 211 TORRE 2,FLORIDABLANCA,SANTANDER,https://www.datos.gov.co/Estad-sticas-Nacionales/SECOP-II-Proveedores-Registrados/qmzu-gj57,true
1148704123-8,APARICIO DIAZ DANIS LUZ,,,,,,Bucaramanga,SANTANDER,,false
1192811155-1,PINEDA QUINTERO LUISA FERNANDA,,,,,,Jesus Maria,SANTANDER,,false
1193127272-5,JDMARTINEZ,JDMARTINEZS2002@GMAIL.COM,jdmartinezs2002@gmail.com,3164043014,,"CALLE 5#3A -17, APTO.1404, BRIZZA APARTAMENTOS",FLORIDABLANCA,SANTANDER,https://www.datos.gov.co/Estad-sticas-Nacionales/SECOP-II-Proveedores-Registrados/qmzu-gj57,true
1232894623-7,GARCIA GALINDO YENNY CAROLINA,,,,,,Giron,SANTANDER,,false
13348806-1,RIAÑO GAITAN JESUS MARIA,,,,,,Bucaramanga,SANTANDER,,false
13354965-9,CACERES BORRERO ALONSO,,,,,,Bucaramanga,SANTANDER,,false
13361138-3,TRILLOS VERJEL LUIS FELIPE,,,,,,Piedecuesta,SANTANDER,,false
13364142-7,PUERTO GARZON OLIVERIO,,,,,,Suaita,SANTANDER,,false
13510342-1,MAURICIO ALBERTO SANTOS REY,,mauriciosantos3@yahoo.com,,,,Bucaramanga,SANTANDER,https://www.datos.gov.co/Estad-sticas-Nacionales/SECOP-II-Proveedores-Registrados/qmzu-gj57,true
13510679-6,LOPEZ CORREA ELKIN WBEIMAR,,,,,,Bucaramanga,SANTANDER,,false
13512594-8,HENRY GAMBOA,SANANTONIO1977@HOTMAIL.COM,sanantonio1977@hotmail.com,3213714434,,CRA 5 # 2-18,ARATOCA,SANTANDER,https://www.datos.gov.co/Estad-sticas-Nacionales/SECOP-II-Proveedores-Registrados/qmzu-gj57,true
13513320-1,BERSELI MORENO GUIZA,TOPOBERSE@HOTMAIL.COM,topoberse@hotmail.com,3115757676,,CARRERA 12 E N 31-50TORRES 2 APTO 204  BARRIO LA CUMBRE,FLORIDABLANCA,SANTANDER,https://www.datos.gov.co/Estad-sticas-Nacionales/SECOP-II-Proveedores-Registrados/qmzu-gj57,true
13516490-9,AYALA CARREÑO NELSON,,,,,,Zapatoca,SANTANDER,,false
13537369-5,COBOS FERREIRA LUIS JAVIER,,,,,,Lebrija,SANTANDER,,false
13538837-5,PEREZ SANCHEZ FERNANDO,,,,,,Lebrija,SANTANDER,,false
13541327-1,TOBASIA HURTADO FREDDY FERNANDO,,,,,,Floridablanca,SANTANDER,,false
13544137-2,SAAVEDRA TOBASIA CRISTIAN ALEXANDER,,,,,,Bucaramanga,SANTANDER,,false
13544141-2,LUIS ALFONSO RUBIO,ALCAM.SEGURIDAD@GMAIL.COM,rubioluis2003@gmail.com,6076879490,WWW.ALCAMSEGURIDAD.COM,CRA 34 NO 48-107,BUCARAMANGA,SANTANDER,https://www.datos.gov.co/Estad-sticas-Nacionales/SECOP-II-Proveedores-Registrados/qmzu-gj57,true
13615445-1,MASMELA CASTELLANOS URIEL,,,,,,Enciso,SANTANDER,,false
13616501-0,RODRIGUEZ URQUIJO WISTON,,,,,,Puente Nacional,SANTANDER,,false
13620707-6,SILVA ARDILA YEFER,,,,,,Piedecuesta,SANTANDER,,false
13641580-8,CESPEDES DIAZ LUIS GUILLERMO,,,,,,Bucaramanga,SANTANDER,,false
13701552-1,RIVERA SANTOS GILBERTO,,,,,,Charala,SANTANDER,,false
13715508-6,TAPIAS BELTRAN RUBEN DARIO,,,,,,San Gil,SANTANDER,,false
13716890-1,ESTACION DE SERVICIOS LOS CUROS,LOSCUROSEDS@GMAIL.COM,LOSCUROSEDS@HOTMAIL.COM,3219638567,,KM 9 VIA PIEDECUESTA,BUCARAMANGA,SANTANDER,https://www.datos.gov.co/Estad-sticas-Nacionales/SECOP-II-Proveedores-Registrados/qmzu-gj57,true
13718547-7,MANTILLA OLARTE YURL LEWINSON,,,,,,Floridablanca,SANTANDER,,false
13719496-4,CARRILLO PORRAS JHOW ROBINZO,,,,,,Giron,SANTANDER,,false
13722127-2,PEÑA GALINDO JOHNATTAN CRISTIAN,,,,,,Piedecuesta,SANTANDER,,false
13722378-4,ELKIN OSWALDO MANTILLA JAIMES,ESPANTO@HOTMAIL.ES,espanto@hotmail.es,3017567997,,BUCARAMANGA,BUCARAMANGA,SANTANDER,https://www.datos.gov.co/Estad-sticas-Nacionales/SECOP-II-Proveedores-Registrados/qmzu-gj57,true
13743266-8,RONALD AUGUSTO VELANDIA ORTEGA,,ronvel91@hotmail.com,,,,Bucaramanga,SANTANDER,https://www.datos.gov.co/Estad-sticas-Nacionales/SECOP-II-Proveedores-Registrados/qmzu-gj57,true
13743809-7,ROJAS PARRA JORGE ALBERTO,,,,,,Piedecuesta,SANTANDER,,false
13744448-6,ARGUELLO  GONZALO,,,,,,Piedecuesta,SANTANDER,,false
13744768-8,JULIAN MAURICIO CIFUENTES PACHON,PROGRAMADORDEOBRAPMP@HOTMAIL.COM,programadordeobrapmp@hotmail.com,3163896070,,CALLE 18 N 32B-43  APTO 802,BUCARAMANGA,SANTANDER,https://www.datos.gov.co/Estad-sticas-Nacionales/SECOP-II-Proveedores-Registrados/qmzu-gj57,true
13744984-2,BAUTISTA LANDINEZ VICTOR MANUEL,,,,,,Bucaramanga,SANTANDER,,false
13748749-6,CHACON GAVIRIA SAUL,,,,,,Floridablanca,SANTANDER,,false
13831929-1,BADILLO BELTRAN ALFONSO,,,,,,Bucaramanga,SANTANDER,,false
13835637-2,REMOLINA SANCHEZ ALIRIO,,,,,,Bucaramanga,SANTANDER,,false
13839275-8,MENDOZA SOCHA JAVIER ANTONIO,,,,,,Bucaramanga,SANTANDER,,false
13841075-8,CORONEL ACEVEDO HERNANDO,,,,,,Bucaramanga,SANTANDER,,false
13845913-3,CARDENAS FILIMON,,,,,,Bucaramanga,SANTANDER,,false
13846706-1,PATINO MIGUEL ANGEL,,,,,,Bucaramanga,SANTANDER,,false
13849591-3,RUIZ ORTIZ NELSON,,,,,,Bucaramanga,SANTANDER,,false
13861677-7,ALVARO ALONSO AMADO AMADOR,ALVARO.AMADO@GMAIL.COM,alvaro.amado@gmail.com,3158435195,,MANZANA 71 CASA 4 BARRIO LA LOMITA,GRAMALOTE,NORTE DE SANTANDER,https://www.datos.gov.co/Estad-sticas-Nacionales/SECOP-II-Proveedores-Registrados/qmzu-gj57,true
13862332-6,NAVAS  LUDWING MAURICIO,,,,,,Bucaramanga,SANTANDER,,false
13870901-0,ALARCON NIÑO FREDY ALONSO,,,,,,Lebrija,SANTANDER,,false
13873005-1,ROBINSON ANDRES JIMENEZ VARGAS,ROBINSONANDRESJIMENEZ@HOTMAIL.COM,robinsonandresjimenez@hotmail.com,3157850972,,DIAMANTE 3,BUCARAMANGA,SANTANDER,https://www.datos.gov.co/Estad-sticas-Nacionales/SECOP-II-Proveedores-Registrados/qmzu-gj57,true
13921141-1,AMARILLO NIETO JAIME,,,,,,Capitanejo,SANTANDER,,false
13922086-7,CASTELLANOS VILLAMIZAR JORGE MANUEL,,,,,,Malaga,SANTANDER,,false
13923369-0,LUIS EDUARDO MORENO TORRES,,thomasito1121@yahoo.es,,,,San Jose De Miranda,SANTANDER,https://www.datos.gov.co/Estad-sticas-Nacionales/SECOP-II-Proveedores-Registrados/qmzu-gj57,true
13924011-4,ORLANDO ORTIZ LOPEZ,ING.ORLIS.65@GMAIL.COM,ing.orlis.65@gmail.com,3112178281,,CALLE 12 N° 13B-08 BARRIO EL BOSQUE,MaLAGA,SANTANDER,https://www.datos.gov.co/Estad-sticas-Nacionales/SECOP-II-Proveedores-Registrados/qmzu-gj57,true
13927057-6,PADILLA PINTO WILFER ORLANDO,,,,,,Malaga,SANTANDER,,false
13928754-6,YAHIR VILLAMIZAR,VILLANET1@HOTMAIL.COM,elsyfino@gmail.com,6468036,,CALLE 11 # 8-43 APTO 302,MaLAGA,SANTANDER,https://www.datos.gov.co/Estad-sticas-Nacionales/SECOP-II-Proveedores-Registrados/qmzu-gj57,true
13928796-5,ALEX PHABIAN MEJIA MONTAÑEZ,ALPHAME.8007@GMAIL.COM,alphame.8007@gmail.com,3104857780,,CARRERA 34 32 100,BUCARAMANGA,SANTANDER,https://www.datos.gov.co/Estad-sticas-Nacionales/SECOP-II-Proveedores-Registrados/qmzu-gj57,true
13929678-9,NESTOR JOAQUIN SANDOVAL GUARIN,INGITELCOM@HOTMAIL.COM,ingitelcom@hotmail.com,3185657585,,CARRERA 2 # 5 - 14 BARRIO CENTRO,CONCEPCIoN,SANTANDER,https://www.datos.gov.co/Estad-sticas-Nacionales/SECOP-II-Proveedores-Registrados/qmzu-gj57,true
13951565-7,ESTACION DE SERVICIO SUPER BRIO LOS ARREAYANES,,segundoabelpardo12345@gmail.com,,,,Velez,SANTANDER,https://www.datos.gov.co/Estad-sticas-Nacionales/SECOP-II-Proveedores-Registrados/qmzu-gj57,true
16369149-1,HERRERA VALLEJO REINEL ANTONIO,,,,,,Floridablanca,SANTANDER,,false
18915491-6,MONSALVE JIMENEZ EDGAR,,,,,,Rionegro,SANTANDER,,false
18923245-4,RODELO MORENO WILMAN ENRIQUE,,,,,,Bucaramanga,SANTANDER,,false
20627488-5,GOMEZ DUARTE ANA LIDIA,,,,,,Velez,SANTANDER,,false
28098376-7,PIEDAD YADIRA VARGAS MARTINEZ - ESTACION DE SERVICIO CHARALA,,EDSCHARALA@YAHOO.ES,,,,Charala,SANTANDER,https://www.datos.gov.co/Estad-sticas-Nacionales/SECOP-II-Proveedores-Registrados/qmzu-gj57,true
28140280-8,ADELAIDA MOLINA SAAVEDRA,PACHECO206@HOTMAIL.COM,pacheco206@hotmail.com,3214050989,,"VIA CENTRAL TOLOTA VADOREAL, FINCA EL TESORO",SUAITA,SANTANDER,https://www.datos.gov.co/Estad-sticas-Nacionales/SECOP-II-Proveedores-Registrados/qmzu-gj57,true
28214320-3,MORENO RUIZ FANNY LUCIA,,,,,,Lebrija,SANTANDER,,false
28224831-8,RUTH AYDEE MANTILLA GOMEZ,MAR10_2010@YAHOO.ES,mar10_2010@yahoo.es,3007359519,,CALLE 20 23 23,BUCARAMANGA,SANTANDER,https://www.datos.gov.co/Estad-sticas-Nacionales/SECOP-II-Proveedores-Registrados/qmzu-gj57,true
28479897-8,RITA DELIA ROJAS ARDILA,,sfa.asesorcontratacion@gmail.com,,,,Barbosa,SANTANDER,https://www.datos.gov.co/Estad-sticas-Nacionales/SECOP-II-Proveedores-Registrados/qmzu-gj57,true
33703845-4,SANDRA EMILSE OLMOS,OLMOSSANDRA068@GMAIL.COM,olmossandra068@gmail.com,3107593730,,KM 8 VIA BARBOSA PUENTE NACIONAL,PUENTE NACIONAL,SANTANDER,https://www.datos.gov.co/Estad-sticas-Nacionales/SECOP-II-Proveedores-Registrados/qmzu-gj57,true
3438416-2,DIEGO ALEJANDRO REYES PEÑA,DREYESPE@GMAIL.COM,dreyespe@gmail.com,3156428983,,CR 29 # 29-59 TORRE 3 APT 1402,BUCARAMANGA,SANTANDER,https://www.datos.gov.co/Estad-sticas-Nacionales/SECOP-II-Proveedores-Registrados/qmzu-gj57,true
37310035-2,CHINCHILLA DE GALVIZ OLIVA MARIA,,,,,,Bucaramanga,SANTANDER,,false
37328984-6,ESTACION DE SERVICIO BOLIVAR,,EDSBOLIVAR@GMAIL.COM,,,,Bucaramanga,SANTANDER,https://www.datos.gov.co/Estad-sticas-Nacionales/SECOP-II-Proveedores-Registrados/qmzu-gj57,true
37545576-4,RODRIGUEZ RODRIGUEZ ROSA LUDY,,,,,,Bucaramanga,SANTANDER,,false
37720611-4,OSMA CASTILLO LIDY MAYARITH,,,,,,Piedecuesta,SANTANDER,,false
37720653-3,MUJICA BARON ISABEL CRISTINA,,,,,,Bucaramanga,SANTANDER,,false
37746405-6,ARIAS AYALA RUDDY LHAY,,,,,,Bucaramanga,SANTANDER,,false
37794935-2,REYES MONSALVE HELENA,,,,,,Piedecuesta,SANTANDER,,false
37810283-8,MARIA ISABEL TORRRES DE RUEDA,MARIAISABELTORRESDERUEDA@GMAIL.COM,edsaratoca@gmail.com,3103353446,,ARATOCA,ARATOCA,SANTANDER,https://www.datos.gov.co/Estad-sticas-Nacionales/SECOP-II-Proveedores-Registrados/qmzu-gj57,true
37815014-6,EDS LA RIVIERA,LARIVIERACONTABILIDAD@GMAIL.COM,larivieracontabilidad@gmail.com,6388828,,CRA 27 NO. 42-570,FLORIDABLANCA,SANTANDER,https://www.datos.gov.co/Estad-sticas-Nacionales/SECOP-II-Proveedores-Registrados/qmzu-gj57,true
37861965-0,RIVEROS RODRIGUEZ DIANA MARITZA,,,,,,Bucaramanga,SANTANDER,,false
37862883-1,BECARIA PINZON HENNY LIZETH,,,,,,Bucaramanga,SANTANDER,,false
37878171-4,ROJAS JIMENEZ NINI JOHANNA,,,,,,Bucaramanga,SANTANDER,,false
37890068-2,EDS LA MIEL,BOMBALAMIEL@GMAIL.COM,bombalamiel@gmail.com,3116345182,,KM 8 VIIA SAN GIL CHARALA,PaRAMO,SANTANDER,https://www.datos.gov.co/Estad-sticas-Nacionales/SECOP-II-Proveedores-Registrados/qmzu-gj57,true
37893950-8,ORDONEZ RODRIGUEZ YIOMARA MARCELA,,,,,,Floridablanca,SANTANDER,,false
37899811-1,BONILLA GOMEZ NANCY NAYBE,,,,,,San Gil,SANTANDER,,false
39018778-2,FLOREZ FLOREZ MILENA,,,,,,Bucaramanga,SANTANDER,,false
43014166-1,PINEDA ALVAREZ ANGELA MARIA,,,,,,Bucaramanga,SANTANDER,,false
49664361-1,VARGAS FIGUEROA JAINETH,,,,,,Bucaramanga,SANTANDER,,false
53021021-8,SISTEMAS INTEGRALES DE GESTIoN EMPRESARIAL,SIGE.GESTIONINTEGRAL@GMAIL.COM,dmortega2457@gmail.com,3142026620,,CARRERA 6 # 35 - 05 APARTAMENTO 201,BUCARAMANGA,SANTANDER,https://www.datos.gov.co/Estad-sticas-Nacionales/SECOP-II-Proveedores-Registrados/qmzu-gj57,true
5420326-6,LUIS ALBERTO CACERES,,johannar39@gmail.com,,,,El Playon,SANTANDER,https://www.datos.gov.co/Estad-sticas-Nacionales/SECOP-II-Proveedores-Registrados/qmzu-gj57,true
5607439-4,HERNAN RUIZ PRADA,EDSELRUISENOR1969@GMAIL.COM,edselruisenor1969@gmail.com,3112872290,,CR 4 8 256 BR SANTO DOMINGO,CAPITANEJO,SANTANDER,https://www.datos.gov.co/Estad-sticas-Nacionales/SECOP-II-Proveedores-Registrados/qmzu-gj57,true
5619644-1,CIRO ALFONSO PRADA ALBINO,CIROPRADA@HOTMAIL.COM,ciroprada@hotmail.com,3158447074,,CARRERA 9 NO 2-27,SIMACOTA,SANTANDER,https://www.datos.gov.co/Estad-sticas-Nacionales/SECOP-II-Proveedores-Registrados/qmzu-gj57,true
5622390-5,ARDILA CASTRO REINALDO,,,,,,San Gil,SANTANDER,,false
5624602-0,MARTINEZ REYES SERAFIN,,,,,,Charala,SANTANDER,,false
5626135-1,RINCON MENDEZ GUSTAVO,,,,,,San Gil,SANTANDER,,false
5638295-3,JURADO DUARTE CARLOS FELIPE,,,,,,Floridablanca,SANTANDER,,false
5654555-0,SIERRA GALINDO DIEGO EMILIO,,,,,,Floridablanca,SANTANDER,,false
5656888-7,ALVAREZ ARIZA CESAR ORLANDO,,,,,,Socorro,SANTANDER,,false
5660989-8,ANDRES FELIPE CAMACHO LOPEZ,,tilos80@hotmail.com,,,,Guepsa,SANTANDER,https://www.datos.gov.co/Estad-sticas-Nacionales/SECOP-II-Proveedores-Registrados/qmzu-gj57,true
5670723-9,FIGUEREDO MUÑOZ PABLO ANTONIO,,,,,,Lebrija,SANTANDER,,false
5690040-2,GUALDRON TOLEDO HENRY ARTURO,,,,,,Rionegro,SANTANDER,,false
60300400-9,EVILA CERVELEON GONZALEZ,,soporte@uricer.com,,WWW.URICER.COM,,Giron,SANTANDER,https://www.datos.gov.co/Estad-sticas-Nacionales/SECOP-II-Proveedores-Registrados/qmzu-gj57,true
604000357-5,GARDERET MURIEL ANNE,,,,,,Barichara,SANTANDER,,false
63278527-2,POVEDA CACERES MARIA MELIDA,,,,,,Bucaramanga,SANTANDER,,false
63279915-1,ULLOA DE LAYTON LIBIA MERCEDES,,,,,,Piedecuesta,SANTANDER,,false
63296480-1,RAMIREZ JAIMES BEATRIZ ELENA,,,,,,Bucaramanga,SANTANDER,,false
63298885-1,DIAZ CUBIDES MYRIAN DELIA,,,,,,Bucaramanga,SANTANDER,,false
63305256-8,TAVERA RODRIGUEZ ELCY JANETH,,,,,,Bucaramanga,SANTANDER,,false
63312849-4,CECILIA ESPITIA CONTRERAS,,ceciliaespitiacontreras@hotmail.com,,,,Bucaramanga,SANTANDER,https://www.datos.gov.co/Estad-sticas-Nacionales/SECOP-II-Proveedores-Registrados/qmzu-gj57,true
63327395-8,MEZA TORRES MARTHA,,,,,,Bucaramanga,SANTANDER,,false
63352899-3,SIERRA LUNA CARMENZA,,,,,,Floridablanca,SANTANDER,,false
63353612-1,RODRIGUEZ RIOS DALIA,,,,,,Floridablanca,SANTANDER,,false
63359842-6,GONZALEZ SANCHEZ YACQUELINE,,,,,,Guadalupe,SANTANDER,,false
63370343-7,SAAVEDRA COMBITA CLARA ELIZABETH,,,,,,La Belleza,SANTANDER,,false
63439647-1,SALCEDO DE FORERO MATILDE,,,,,,Piedecuesta,SANTANDER,,false
63503312-1,ROJAS VILLAMIZAR GLADYS,,,,,,Tona,SANTANDER,,false
63526241-6,MORENO PARDO CLAUDIA LILIANA,,,,,,Floridablanca,SANTANDER,,false
63548967-9,KELLY JOHANNA JAIMES GALVIS,KJOHANNAJAIMES@HOTMAIL.COM,kjohannajaimes@hotmail.com,3166913591,,CARRERA 12#200-105 CONDOMINIO MEDITERRANE LA TOSCANA CASA 36,FLORIDABLANCA,SANTANDER,https://www.datos.gov.co/Estad-sticas-Nacionales/SECOP-II-Proveedores-Registrados/qmzu-gj57,true
63555251-3,NAVARRO RAMIREZ LEIDY MELISSA,,,,,,Bucaramanga,SANTANDER,,false
63557046-9,SANTAMARIA MEDINA YENNY KATHERINE,,,,,,Bucaramanga,SANTANDER,,false
63557317-1,YANETH CAROLINA SARMIENTO BUENO,CONTRATACIONCSB@HOTMAIL.COM,contratacioncsb@hotmail.com,3214525798,,CRA 6 # 4-11 PISO 2,GALaN,SANTANDER,https://www.datos.gov.co/Estad-sticas-Nacionales/SECOP-II-Proveedores-Registrados/qmzu-gj57,true
6597655-8,AQUILINO CARREÑO NARANJO,AQUICAMILIN@GMAIL.COM,aquicamilin@gmail.com,3202333236,,CRA 4 NO 12 - 98,CONTRATACIoN,SANTANDER,https://www.datos.gov.co/Estad-sticas-Nacionales/SECOP-II-Proveedores-Registrados/qmzu-gj57,true
6769977-3,GIL SANABRIA LIBARDO,,,,,,Barbosa,SANTANDER,,false
6775442-1,BAUTISTA PALACIOS FRANCO,,,,,,Piedecuesta,SANTANDER,,false
700202326-2,CARO CONTRERAS GONZALO,,,,,,Bucaramanga,SANTANDER,,false
700288940-4,MANEIRO ROJAS CARLOS ALBERTO,,,,,,Bucaramanga,SANTANDER,,false
700331541-2,FERRER ACOSTA ALEXANDRA ANTONIA,,,,,,Bucaramanga,SANTANDER,,false
700366613-5,RAMIREZ BARRIOS JUNIOR ALEXANDER,,,,,,Bucaramanga,SANTANDER,,false
700485018-2,RAMIREZ CONTRERAS JOSE ALBIO,,,,,,Floridablanca,SANTANDER,,false
72254372-7,EDGAR GoMEZ,EDGORO@HOTMAIL.COM,edgoro@hotmail.com,3012765665,,CR 37 # 51 -99 AP 401,BUCARAMANGA,SANTANDER,https://www.datos.gov.co/Estad-sticas-Nacionales/SECOP-II-Proveedores-Registrados/qmzu-gj57,true
72357836-5,RAMIREZ ZAMORA IVAN DARIO,,,,,,Bucaramanga,SANTANDER,,false
73215189-2,RICARDO ANTONIO DOMINGUEZ GOMEZ,RICARDOMINGUEZGOMEZ@GMAIL.COM,ricardominguezgomez@gmail.com,3012551614,,CONJUNTO REDIDENCIAL PARAGUITAS,BUCARAMANGA,SANTANDER,https://www.datos.gov.co/Estad-sticas-Nacionales/SECOP-II-Proveedores-Registrados/qmzu-gj57,true
74365912-8,ARGUELLO NIÑO EDGAR,,,,,,Giron,SANTANDER,,false
7444469-1,URREGO URAN LUIS ARMANDO,,,,,,Bucaramanga,SANTANDER,,false
7924427-2,CASTILLO CARDENAS WILSON,,,,,,Santa Helena Del Opon,SANTANDER,,false
79266559-4,TAMI MEDINA CARLOS ALFONSO,,,,,,Bucaramanga,SANTANDER,,false
79312836-7,GERMAN,,eds.gersan@hotmail.com,,,,La Paz,SANTANDER,https://www.datos.gov.co/Estad-sticas-Nacionales/SECOP-II-Proveedores-Registrados/qmzu-gj57,true
79753300-3,ROMERO RUEDA ROBINSON RAFAEL,,,,,,Barbosa,SANTANDER,,false
79791496-1,PEREZ  MIGUEL ANGEL,,,,,,Velez,SANTANDER,,false
79863405-1,RAUL EDUARDO ARANGO CASTAÑO,,EDSGUEPSA@GMAIL.COM,,,,Guepsa,SANTANDER,https://www.datos.gov.co/Estad-sticas-Nacionales/SECOP-II-Proveedores-Registrados/qmzu-gj57,true
800004820-3,INGENIERIA DE PROYECTOS CONSTRUCCIONES Y ASESORIAS LIMITADA INPROCA LTDA.,,,,,,Bucaramanga,SANTANDER,,false
800011313-1,PEÑUELA & ASOCIADOS S.A.S.,,,,,,Bucaramanga,SANTANDER,,false
800013262-1,INTER OBRAS LIMITADA,,,,,,Bucaramanga,SANTANDER,,false
800020511-1,INVERSIONES LOZANO ORTIZ S.A.S.,,,,,,Bucaramanga,SANTANDER,,false
800077589-9,CIVILES Y ARQUITECTOS CONSTRUCTORES LIMITADA.,,,,,,Bucaramanga,SANTANDER,,false
800098568-4,COMERCIALIZADORA DE COMBUSTIBLES Y LUBRICANTES COMERCOMB S A S,,,,,,San Gil,SANTANDER,,false
800112587-4,"CONSULTORES CONTRATISTAS E INTERVENTORES ASOCIADOS EN SERVICIOS PUBLICOS - DOMICILIARIOS, DESARROLLO RURAL Y URBANO COINAGUAS S.A.S.",COINAGUASCONSULTORES@GMAIL.COM,coinaguasconsultores@gmail.com,6305100,,CARRERA12 31 24,BUCARAMANGA,SANTANDER,https://www.datos.gov.co/Estad-sticas-Nacionales/SECOP-II-Proveedores-Registrados/qmzu-gj57,true
800136622-8,ELECTRICIDAD Y ELECTRONICA EYE INGENIERIA S.A.S,,,,,,Bucaramanga,SANTANDER,,false
800141601-3,RUIZ RODRIGUEZ Y COMPAÑIA LIMITADA,,,,,,Bucaramanga,SANTANDER,,false
800145792-1,HELIODORO OLIVEROS SRA E HIJOS LTDA,,estacionlosolivos@hotmail.com,,,,San Gil,SANTANDER,https://www.datos.gov.co/Estad-sticas-Nacionales/SECOP-II-Proveedores-Registrados/qmzu-gj57,true
800169495-0,GMH LTDA,,jaimesantos94@gmail.com,,,,Floridablanca,SANTANDER,https://www.datos.gov.co/Estad-sticas-Nacionales/SECOP-II-Proveedores-Registrados/qmzu-gj57,true
800175243-6,MICROINGENIERIA SOCIEDAD SIMPLIFICADA POR ACCIONES,,,,,,Floridablanca,SANTANDER,,false
800182884-6,COINGESER LTDA,,coingeserltda@hotmail.com,,WWW.COINGESER.NET,,Piedecuesta,SANTANDER,https://www.datos.gov.co/Estad-sticas-Nacionales/SECOP-II-Proveedores-Registrados/qmzu-gj57,true
800193010-3,PSL PROANaLISIS S.A.S. BIC,PSLPROANALISIS@YAHOO.COM,pslproanalisis@yahoo.com,(7)6444625,HTTP://WWW.PSLPROANALISIS.COM/INDEX.PHP,CARRERA 14 # 55 - 18,BUCARAMANGA,SANTANDER,https://www.datos.gov.co/Estad-sticas-Nacionales/SECOP-II-Proveedores-Registrados/qmzu-gj57,true
800213081-3,SERIAL LTDA,,serialsecop@gmail.com,,,,Giron,SANTANDER,https://www.datos.gov.co/Estad-sticas-Nacionales/SECOP-II-Proveedores-Registrados/qmzu-gj57,true
800218136-2,CONSULTORES ESPECIALIZADOS Y ASOCIADOS DE SANTANDER SAS,,concursosmcconsultores@gmail.com,,,,Floridablanca,SANTANDER,https://www.datos.gov.co/Estad-sticas-Nacionales/SECOP-II-Proveedores-Registrados/qmzu-gj57,true
800223695-8,SERVINCOL LTDA,SERVINCOL_LTDA@HOTMAIL.COM,servincol_ltda@hotmail.com,6363994,,KM 2176 CC NATURA TO 2 OF 528,FLORIDABLANCA,SANTANDER,https://www.datos.gov.co/Estad-sticas-Nacionales/SECOP-II-Proveedores-Registrados/qmzu-gj57,true
800226766-6,PROMIORIENTE S.A. E.S.P,,,,,,Bucaramanga,SANTANDER,,false
800228569-0,CIAMB SAS,CIAMBLTDA@YAHOO.COM,ciambltda@yahoo.com,3006806588,,CALLE 14 #35 - 111 OFICINA 102 BARRIO LOS PINOS,Bucaramanga,SANTANDER,https://www.datos.gov.co/Estad-sticas-Nacionales/SECOP-II-Proveedores-Registrados/qmzu-gj57,true
800233670-7,CPI CENTRAL DE PROYECTOS E INGENIERiA SAS,CPINGENIERIA2020@GMAIL.COM,cpingenieria2020@gmail.com,6432734,,URB BALCONES DE RUITOQUE TO 2 AP 303 KM 7 VIA PIEDECUESTA,FLORIDABLANCA,SANTANDER,https://www.datos.gov.co/Estad-sticas-Nacionales/SECOP-II-Proveedores-Registrados/qmzu-gj57,true
800242422-5,VERA Y CIA. LIMITADA,,,,,,Bucaramanga,SANTANDER,,false
800248731-3,MULTINGENIERIA LTDA,,,,,,Bucaramanga,SANTANDER,,false
800249095-1,CONCREVIAS S.A.S.,,,,,,Floridablanca,SANTANDER,,false
800253118-8,SYS INGENIERiA Y SERVICIOS SAS,LICITACIONES@SYSINGENIERIAYSERVICIOS.COM,licitaciones@sysingenieriayservicios.com,3227730867,,CALLE 30 # 24 - 38 CAÑAVERAL,BUCARAMANGA,SANTANDER,https://www.datos.gov.co/Estad-sticas-Nacionales/SECOP-II-Proveedores-Registrados/qmzu-gj57,true
80210545-4,GARCIA PIZZA JOHAN YAMID,,,,,,Piedecuesta,SANTANDER,,false
80214868-6,SANCHEZ DAZA MIGUEL ENRIQUE,,,,,,Bucaramanga,SANTANDER,,false
80387932-1,SUAREZ CASALLAS GERMAN,,,,,,San Gil,SANTANDER,,false
804000035-4,EDS LA GLORIETA,,estacionlaglorieta@yahoo.com.mx,,,,Socorro,SANTANDER,https://www.datos.gov.co/Estad-sticas-Nacionales/SECOP-II-Proveedores-Registrados/qmzu-gj57,true
804000534-8,REINCO S.A.S.,,,,,,Bucaramanga,SANTANDER,,false
804000551-3,GAS NATURAL DEL CESAR S.A E.S.P,JFROJAS@GRUPOVANTI.COM,jfrojas@grupovanti.com,3187287630,,DIAGONAL 13 # 60A - 54,BUCARAMANGA,SANTANDER,https://www.datos.gov.co/Estad-sticas-Nacionales/SECOP-II-Proveedores-Registrados/qmzu-gj57,true
804001062-8,RUITOQUE SA ESP,ESCRIBANOS@RUITOQUEESP.COM,escribanos@ruitoqueesp.com,3134338665,HTTPS://WWW.RUITOQUEESP.COM/NUEVO/,CR 25 29 57 LC 2 SEC LA CAVA,FLORIDABLANCA,SANTANDER,https://www.datos.gov.co/Estad-sticas-Nacionales/SECOP-II-Proveedores-Registrados/qmzu-gj57,true
804001659-4,ELECTRO DUARTE LTDA.,,,,,,Floridablanca,SANTANDER,,false
804001735-6,INTERPRO S.A.S.,GERENCIAGENERAL@INTERPRO.COM.CO,directordelicitaciones@interpro.com.co,6076183826,WWW.INTERPRO.COM.CO,KM 2 ANILLO VIAL FLORIDABLANCA - GIRoN ECOPARQUE EMPRESARIAL NATURA TORRE 2 OFICINA 325,FLORIDABLANCA,SANTANDER,https://www.datos.gov.co/Estad-sticas-Nacionales/SECOP-II-Proveedores-Registrados/qmzu-gj57,true
804001971-8,DAC INGENIEROS S.A.S.,TEVIDAC@YAHOO.ES,tevidac@yahoo.es,6478592,,CARRERA 37 NO. 52-43 OFC 903,BUCARAMANGA,SANTANDER,https://www.datos.gov.co/Estad-sticas-Nacionales/SECOP-II-Proveedores-Registrados/qmzu-gj57,true
804002066-1,PREGON LTDA. SERVICIOS Y SUMINISTROS,,,,,,Bucaramanga,SANTANDER,,false
804002396-7,CONSTRUINGENIERIA SAS,,juan.camargo@construingenieria.com,,,,Bucaramanga,SANTANDER,https://www.datos.gov.co/Estad-sticas-Nacionales/SECOP-II-Proveedores-Registrados/qmzu-gj57,true
804002456-0,FILICAR LTDA.,,,,,,Bucaramanga,SANTANDER,,false
804002519-6,ARQUITECTOS CONSTRUCTORES & CONSULTORES S.A.S.,,,,,,Bucaramanga,SANTANDER,,false
804002543-3,ELECTRITEL E.U.,,,,,,Bucaramanga,SANTANDER,,false
804002564-8,MOVIPETROL S.A.S.,,,,,,Bucaramanga,SANTANDER,,false
804002575-9,GRUPO EXPORT DE COLOMBIA S.A.S. GEXCOL S.A.S.,,,,,,Bucaramanga,SANTANDER,,false
804002601-2,CSI CONSULTORIAS Y SERVICIOS INTEGRADOS DE INGENIERIA S.A.S,,ana.agamez@csi.com.co,,,,Floridablanca,SANTANDER,https://www.datos.gov.co/Estad-sticas-Nacionales/SECOP-II-Proveedores-Registrados/qmzu-gj57,true
804002649-5,J. O. DIAZ EU,REMATEDESALVAMENTO@GMAIL.COM,rematedesalvamento@gmail.com,3114528438,,CARRERA 12 68-38 BARRIO LA VICTORIA,BUCARAMANGA,SANTANDER,https://www.datos.gov.co/Estad-sticas-Nacionales/SECOP-II-Proveedores-Registrados/qmzu-gj57,true
804002667-8,CONSULTORES SOLANO NAVAS LTDA,LICITACIONES@CSN.COM.CO,licitaciones@csn.com.co,3168302950,,AV 10N #16-03,PIEDECUESTA,SANTANDER,https://www.datos.gov.co/Estad-sticas-Nacionales/SECOP-II-Proveedores-Registrados/qmzu-gj57,true
804002721-8,ELECTRICOS EDJARA SAS,EDJARASAS@GMAIL.COM,edjarasas@gmail.com,3163998487,,CALLE  200#12-152,FLORIDABLANCA,SANTANDER,https://www.datos.gov.co/Estad-sticas-Nacionales/SECOP-II-Proveedores-Registrados/qmzu-gj57,true
804002801-9,GASES DEL SUR DE SANTANDER S.A EMPRESA DE SERVICIOS PUBLICOS,PROYECTOS.GASURSA@GASURSA.COM,proyectos.gasursa@gasursa.com,+573115847468,,CL 10 A 9 22 CONJ ALCAZAREZ,BARBOSA,SANTANDER,https://www.datos.gov.co/Estad-sticas-Nacionales/SECOP-II-Proveedores-Registrados/qmzu-gj57,true
804002887-1,PROYECCIONES CIVILES Y GEOAMBIENTALES LTDA,,procyg@yahoo.com,,,,Floridablanca,SANTANDER,https://www.datos.gov.co/Estad-sticas-Nacionales/SECOP-II-Proveedores-Registrados/qmzu-gj57,true
804003015-0,MDO LTDA SERVICIOS Y ASESORiAS A LA INDUSTRIA,MDOLTDA@YAHOO.COM.MX,mdoltda2024hernan@gmail.com,3004332700,HTTPS://MDOLTDA.WIXSITE.COM/MY-SITE,"DIAGONAL 6 #1 NB-08 ANTIGUA ENTRADA A PIEDECUESTA PIEDECUESTA, SANTANDER.",FLORIDABLANCA,SANTANDER,https://www.datos.gov.co/Estad-sticas-Nacionales/SECOP-II-Proveedores-Registrados/qmzu-gj57,true
804003069-8,SERVICIOS PROFESIONALES Y DE INGENIERIA LTDA. SERPROF LTDA.,,,,,,Bucaramanga,SANTANDER,,false
804003124-5,RIGAR SAS,RIGAR_EU@HOTMAIL.COM,rigar_eu@hotmail.com,6331526,WWW.RIGAR-EU.COM,CALLE 23 NO. 6-21,BUCARAMANGA,SANTANDER,https://www.datos.gov.co/Estad-sticas-Nacionales/SECOP-II-Proveedores-Registrados/qmzu-gj57,true
804003443-1,SERVICIOS INTEGRADOS DE INGENIERIA RACIN LTDA,,,,,,Pinchote,SANTANDER,,false
804003482-7,SOLUCIONES GEOMATICAS SAS,,gerencia@geomaticas.com,,WWW.SOLUCIONESGEOMATICAS.COM,,Bucaramanga,SANTANDER,https://www.datos.gov.co/Estad-sticas-Nacionales/SECOP-II-Proveedores-Registrados/qmzu-gj57,true
804003569-9,IMEL LIMITADA,,carlos_herrera52@hotmail.com,,,,Bucaramanga,SANTANDER,https://www.datos.gov.co/Estad-sticas-Nacionales/SECOP-II-Proveedores-Registrados/qmzu-gj57,true
804003583-2,ASOINGENIERIA DEL ORIENTE S.A.S.,,asoingenieriadeloriente@yahoo.es,,,,Bucaramanga,SANTANDER,https://www.datos.gov.co/Estad-sticas-Nacionales/SECOP-II-Proveedores-Registrados/qmzu-gj57,true
804003652-2,INCECOL SAS,,incecol.sas@gmail.com,,,,Bucaramanga,SANTANDER,https://www.datos.gov.co/Estad-sticas-Nacionales/SECOP-II-Proveedores-Registrados/qmzu-gj57,true
804003895-5,ELECTRO GAR E.U.,,,,,,Bucaramanga,SANTANDER,,false
804004185-9,IMAN INGENIERIA Y MANTENIMIENTO S.A.S.,,,,,,Bucaramanga,SANTANDER,,false
804004187-3,SATEL EU,SATELEU23@YAHOO.ES,sateleu23@yahoo.es,3202833617,,CALLE 105A NO. 12-28,BUCARAMANGA,SANTANDER,https://www.datos.gov.co/Estad-sticas-Nacionales/SECOP-II-Proveedores-Registrados/qmzu-gj57,true
804004233-4,LUBRYESP S.A.S.,,,,,,Giron,SANTANDER,,false
804004317-4,CONDISLEC S.A.S.,,,,,,Bucaramanga,SANTANDER,,false
804004457-7,KLIMA Y KONFORT INGENIEROS LTDA,,david.proyectos@yahoo.com,,WWW.KLIMAYKONFORT.COM,,Bucaramanga,SANTANDER,https://www.datos.gov.co/Estad-sticas-Nacionales/SECOP-II-Proveedores-Registrados/qmzu-gj57,true
804004574-0,INCELCON,INCELCONSAS@GMAIL.COM,incelconsas@gmail.com,3175111097,,CARRERA 41 NO 32-93 P1,BUCARAMANGA,SANTANDER,https://www.datos.gov.co/Estad-sticas-Nacionales/SECOP-II-Proveedores-Registrados/qmzu-gj57,true
804004647-1,MULTISERVICIOS INDUSTRIALES LIMITADA,,comercial@multindustrial.com,,WWW.MULTINDUSTRIAL.COM,,Bucaramanga,SANTANDER,https://www.datos.gov.co/Estad-sticas-Nacionales/SECOP-II-Proveedores-Registrados/qmzu-gj57,true
804005213-1,ASERPEN SAS,ASERPEN.SAS@GMAIL.COM,gersoncl88@hotmail.com,3229038220,,CRA 8 # 12 - 63,PIEDECUESTA,SANTANDER,https://www.datos.gov.co/Estad-sticas-Nacionales/SECOP-II-Proveedores-Registrados/qmzu-gj57,true
804005219-5,INVERSIONES DE TRANSPORTADORES DEL SUR S.A.,,,,,,Floridablanca,SANTANDER,,false
804005256-8,"SIGMA SISTEMAS INTEGRADOS AMBIENTE, SEGURIDAD, CALIDAD & CIA SAS",,,,,,Piedecuesta,SANTANDER,,false
804005386-7,PUBLIELECTRICOS LTDA,,,,,,Bucaramanga,SANTANDER,,false
804005593-5,MANTENIMIENTOS E.U,GERENCIATECNICA@MANTENIMIENTOSEU.COM,gerenciatecnica@mantenimientoseu.com,6444372,WWW.MANTENIMIENTOSEU.COM,CRA 17B1#57-70,BUCARAMANGA,SANTANDER,https://www.datos.gov.co/Estad-sticas-Nacionales/SECOP-II-Proveedores-Registrados/qmzu-gj57,true
804005662-5,SIELECOM S.A.S.,,,,,,Bucaramanga,SANTANDER,,false
804005882-9,ESAO S.A.S,,esaoltda09@gmail.com,,,,Floridablanca,SANTANDER,https://www.datos.gov.co/Estad-sticas-Nacionales/SECOP-II-Proveedores-Registrados/qmzu-gj57,true
804005948-6,GNVERDE S.A.S.,,,,,,Bucaramanga,SANTANDER,,false
804006019-3,ACONINGSA S.A.S,ACONINGSA_LTDA@HOTMAIL.COM,aconingsa_ltda@hotmail.com,6879581,,CALLE 91 #24-40 DIAMANTE 2 PISO 2,BUCARAMANGA,SANTANDER,https://www.datos.gov.co/Estad-sticas-Nacionales/SECOP-II-Proveedores-Registrados/qmzu-gj57,true
804006106-6,INGENIERIA & ARQUITECTURA MANACAS SAS,MANACAS995@GMAIL.COM,manacas995@gmail.com,3176805522,,CALLE 25 9-95 FLORIDABLANCA,FLORIDABLANCA,SANTANDER,https://www.datos.gov.co/Estad-sticas-Nacionales/SECOP-II-Proveedores-Registrados/qmzu-gj57,true
804006431-5,CONPROING,,conproingsas@outlook.com,,,,Floridablanca,SANTANDER,https://www.datos.gov.co/Estad-sticas-Nacionales/SECOP-II-Proveedores-Registrados/qmzu-gj57,true
804006716-9,ORO E.U.,,,,,,Bucaramanga,SANTANDER,,false
804006739-8,PROYECTOS GENERALES Y COMPAÑIA LIMITADA,,licitacionespygltda@gmail.com,,,,Floridablanca,SANTANDER,https://www.datos.gov.co/Estad-sticas-Nacionales/SECOP-II-Proveedores-Registrados/qmzu-gj57,true
804006792-9,DARTEC LTDA.,,,,,,Floridablanca,SANTANDER,,false
804007055-3,K2 INGENIERiA S.A.S.,INFO.K2ING@APPLUS.COM,erika.toncel@applus.com,6352870,HTTPS://APPLUSK2.COM/,CARRERA 36 NO. 36-26,BUCARAMANGA,SANTANDER,https://www.datos.gov.co/Estad-sticas-Nacionales/SECOP-II-Proveedores-Registrados/qmzu-gj57,true
804007279-6,DISEÑOS Y CONSTRUCCIONES DE COLOMBIA-DISCOL S.A.S.,,,,,,Bucaramanga,SANTANDER,,false
804007303-5,NITROACRYL DE COLOMBIA SAS,ADMINISTRACION@NITROACRYL.COM,recepcionnitroacryl@gmail.com,6798304,,"AVIAL PALENQUE FLORIDABLANCA KM 4,7 ACCESO EL CORCEL BODEGA 19 PARQUE INDUSTRIAL ZIMURA  VERADA RIO FRIO",GIRoN,SANTANDER,https://www.datos.gov.co/Estad-sticas-Nacionales/SECOP-II-Proveedores-Registrados/qmzu-gj57,true
804007305-1,"INGENIERIA HOSPITALARIA, INDUSTRIAL, MECANICA Y VIAL INGHIMEV LTDA",INGHIMEVCOMERCIAL@PROTON.ME,facturacioninghimev@gmail.com,3153363001,,CALLE 12 NO. 13 B- 08,MaLAGA,SANTANDER,https://www.datos.gov.co/Estad-sticas-Nacionales/SECOP-II-Proveedores-Registrados/qmzu-gj57,true
804007332-9,CYMA S.A.,COMERCIAL@CYMA.COM.CO,comercial@cyma.com.co,(1)3080837,WWW.CYMA.COM.CO,CRA. 27 # 37-33 EDIFICIO EMPRESARIAL GREEN GOLD - OFICINA 717,BUCARAMANGA,SANTANDER,https://www.datos.gov.co/Estad-sticas-Nacionales/SECOP-II-Proveedores-Registrados/qmzu-gj57,true
804007583-0,SICOC SAS,SICOCLTDA@GMAIL.COM,sicocltda@gmail.com,3208514014,,CARRERA 10 # 18-67 APTO 803 EDIFICIO ARCADIA,SAN GIL,SANTANDER,https://www.datos.gov.co/Estad-sticas-Nacionales/SECOP-II-Proveedores-Registrados/qmzu-gj57,true
804007656-1,AIREXPRESS LTDA.,,,,,,Bucaramanga,SANTANDER,,false
804008681-9,DESARROLLO EN TECNOLOGiAS DE HIDROCARBUROS SAS,,info@dthsas.com,,WWW.DTHSAS.COM,,Bucaramanga,SANTANDER,https://www.datos.gov.co/Estad-sticas-Nacionales/SECOP-II-Proveedores-Registrados/qmzu-gj57,true
804008803-0,MANTENIMIENTOS Y PROYECTOS DE INGENIERIA SAS,,jadelmo@gmail.com,,,,Floridablanca,SANTANDER,https://www.datos.gov.co/Estad-sticas-Nacionales/SECOP-II-Proveedores-Registrados/qmzu-gj57,true
804009092-5,REVISIONES TECNICAS EN GAS RTG SAS,,,,,,Bucaramanga,SANTANDER,,false
804009142-5,PROYECTOS DE INGENIERIA Y ESPACIO PROINPA LTDA.,,,,,,Bucaramanga,SANTANDER,,false
804009857-2,INGENIERiA Y SOLUCIONES TECNOLoGICAS INSOLTEC LTDA.,,contacto@insoltec.com.co,,WWW.INSOLTEC.COM.CO,,Giron,SANTANDER,https://www.datos.gov.co/Estad-sticas-Nacionales/SECOP-II-Proveedores-Registrados/qmzu-gj57,true
804010126-9,ILUMINACION SAN JUAN DE GIRON I.S.A.G. S.A.,ILUMINACIONSANJUANDEGIRON@GMAIL.COM,iluminacionsanjuandegiron@gmail.com,3153751652,,CARRERA 23 # 30 - 47,GIRoN,SANTANDER,https://www.datos.gov.co/Estad-sticas-Nacionales/SECOP-II-Proveedores-Registrados/qmzu-gj57,true
804010528-6,PI SAS,LICITACIONES@PI-SAS.ORG,licitaciones@pi-sas.org,60766050403,HTTPS://WWW.PI-SAS.ORG/,LOTE 7 COMUNA MENSULI -,BUCARAMANGA,SANTANDER,https://www.datos.gov.co/Estad-sticas-Nacionales/SECOP-II-Proveedores-Registrados/qmzu-gj57,true
804010538-1,EDISON OTERO E.U.,,,,,,Giron,SANTANDER,,false
804010701-4,GASMOVIL LTDA.,,,,,,Bucaramanga,SANTANDER,,false
804010786-1,INGENIERiA Y TECNOLOGiA ESPECIALIZADA SAS,,proyectos.energia@ite.com.co,,WWW.ITE.COM.CO,,Bucaramanga,SANTANDER,https://www.datos.gov.co/Estad-sticas-Nacionales/SECOP-II-Proveedores-Registrados/qmzu-gj57,true
804010955-8,ESTACION DE SERVICIO LA AMERICANA SAS,EDSAMERICANA@GMAIL.COM,edsamericana@gmail.com,6711490,,CALLE 22 NO.14 - 22,Bucaramanga,SANTANDER,https://www.datos.gov.co/Estad-sticas-Nacionales/SECOP-II-Proveedores-Registrados/qmzu-gj57,true
804011052-7,CIMENTAR S.A.S,,cimentares2021@gmail.com,,,,Bucaramanga,SANTANDER,https://www.datos.gov.co/Estad-sticas-Nacionales/SECOP-II-Proveedores-Registrados/qmzu-gj57,true
804011155-7,CIAZ SAS E.S.P.,,,,,,Floridablanca,SANTANDER,,false
804011800-1,INGENIERiA Y SERVICIOS SOCIEDAD ANoNIMA EMPRESA DE SERVICIOS PuBLICOS,INS@INSESP.COM,gerencia@insesp.com,6076472050,WWW.INSESP.COM,CALLE 51A NO 31 - 45,BUCARAMANGA,SANTANDER,https://www.datos.gov.co/Estad-sticas-Nacionales/SECOP-II-Proveedores-Registrados/qmzu-gj57,true
804011804-9,COPOWER LTDA,,energy@copower.com.co,,WWW.COPOWER.COM.CO,,Bucaramanga,SANTANDER,https://www.datos.gov.co/Estad-sticas-Nacionales/SECOP-II-Proveedores-Registrados/qmzu-gj57,true
804012051-4,CASTRO E HIJOS LIMITADA,,castroehijoslimitada@hotmail.com,,,,Bucaramanga,SANTANDER,https://www.datos.gov.co/Estad-sticas-Nacionales/SECOP-II-Proveedores-Registrados/qmzu-gj57,true
804012631-6,ESTACION DE SERVICIO MESA DE LOS SANTOS SOCIEDAD LIMITADA,,,,,,Piedecuesta,SANTANDER,,false
804012755-0,SITELSA SAS,LICITACIONES@SITELSA.COM.CO,licitaciones@sitelsa.com.co,3185616354,WWW.SITELSA.COM.CO,C,BUCARAMANGA,SANTANDER,https://www.datos.gov.co/Estad-sticas-Nacionales/SECOP-II-Proveedores-Registrados/qmzu-gj57,true
804012759-1,INDUANALISIS SAS - IA SAS,,induanalisis@yahoo.com,,WWW.INDUANALISIS.COM,,Bucaramanga,SANTANDER,https://www.datos.gov.co/Estad-sticas-Nacionales/SECOP-II-Proveedores-Registrados/qmzu-gj57,true
804012769-3,SERVICIO DE MANTENIMIENTO ELeCTRICO INDUSTRIAL,,rdsaenzjunior@hotmail.com,,,,Piedecuesta,SANTANDER,https://www.datos.gov.co/Estad-sticas-Nacionales/SECOP-II-Proveedores-Registrados/qmzu-gj57,true
804013207-0,GEOTECNOLOGIA S.A.S,GEOTECNOLOGIA@EROSION.COM.CO,geotecnologia@erosion.com.co,3102775614,WWW.EROSION.COM.CO,CALLE 41 Nº 28-33,BUCARAMANGA,SANTANDER,https://www.datos.gov.co/Estad-sticas-Nacionales/SECOP-II-Proveedores-Registrados/qmzu-gj57,true
804013341-1,CONELTEC SAS,OMAR.DURAN@CONELTECSAS.COM,licitaciones@coneltecsas.com,6326954,HTTPS://CONELTECSAS.COM.CO/,"CALLE 18 # 24-36 BARRIO SAN FRANCISCO EDIFICIO CONELTEC, CALLE 18",BUCARAMANGA,SANTANDER,https://www.datos.gov.co/Estad-sticas-Nacionales/SECOP-II-Proveedores-Registrados/qmzu-gj57,true
804013578-8,PROVISERVICIOS SA ESP,PLANEACION@PROVISERVICIOS.COM,planeacion@proviservicios.com,(7)6058802,WWW.PROVISERVICIOS.COM,CARRERA 22C N° 35-222 CAÑAVERAL PLAZA,FLORIDABLANCA,SANTANDER,https://www.datos.gov.co/Estad-sticas-Nacionales/SECOP-II-Proveedores-Registrados/qmzu-gj57,true
804014065-6,INDUTEL SAS BIC,GUSTAVODIAZ.INDUTELSAS@GMAIL.COM,gustavodiaz.indutelsas@gmail.com,3153711137,,CARRERA 31 NO.414-58,BUCARAMANGA,SANTANDER,https://www.datos.gov.co/Estad-sticas-Nacionales/SECOP-II-Proveedores-Registrados/qmzu-gj57,true
804014238-3,DISENOS ESPECIALES E INGENIERIAS LIMITADA DESING LTDA,,,,,,Bucaramanga,SANTANDER,,false
804014246-2,M FASE LTDA - EN LIQUIDACION,,,,,,Piedecuesta,SANTANDER,,false
804014290-7,REDES UPS Y PROTECCIONES EU,,serviciotecnico@redesups.com,,WWW.REDESUPS.COM,,Bucaramanga,SANTANDER,https://www.datos.gov.co/Estad-sticas-Nacionales/SECOP-II-Proveedores-Registrados/qmzu-gj57,true
804014489-5,ANSALL S.A.S.,,,,,,Piedecuesta,SANTANDER,,false
804014818-5,PROMESA S.A. E.S.P.,PROMESAESP@HOTMAIL.COM,promesaesp@hotmail.com,6076478307,WWW.GASPROMESA.COM,CARRERA 24 # 51-18,BUCARAMANGA,SANTANDER,https://www.datos.gov.co/Estad-sticas-Nacionales/SECOP-II-Proveedores-Registrados/qmzu-gj57,true
804014885-9,ESPIGAS S.A. ESP,ESPIGASESP@GMAIL.COM,espigasesp@gmail.com,3015231099,WWW.ESPIGAS.COM.CO,NATURA ECOPARQUE EMPRESARIAL T1 OF 410 ANILLO VIAL KM 2 FLORIDABLANCA GIRON,FLORIDABLANCA,SANTANDER,https://www.datos.gov.co/Estad-sticas-Nacionales/SECOP-II-Proveedores-Registrados/qmzu-gj57,true
804015104-1,CRUDESAN S.A.,,ventas2@crudesan.com,,WWW.CRUDESAN.COM,,Bucaramanga,SANTANDER,https://www.datos.gov.co/Estad-sticas-Nacionales/SECOP-II-Proveedores-Registrados/qmzu-gj57,true
804015242-8,CONSTRUSUELOS DE COLOMBIA S.A.S,PROPUESTASCONSTRUSUELOS@GMAIL.COM,propuestasconstrusuelos@gmail.com,7-6851009,WWW.CONSTRUSUELOSLTDA.COM.CO,CALLE 29 NO. 9-68 LAGOS 1,FLORIDABLANCA,SANTANDER,https://www.datos.gov.co/Estad-sticas-Nacionales/SECOP-II-Proveedores-Registrados/qmzu-gj57,true
804015808-6,VASQUEZ & RODRIGUEZ LTDA,,,,,,Bucaramanga,SANTANDER,,false
804015820-5,ENERGY DE COLOMBIA SOCIEDAD POR ACCIONES SIMPLIFICADA,,,,,,Bucaramanga,SANTANDER,,false
804016025-0,INVERDOC S.A,,comercial@inverdoc.com,,,,Piedecuesta,SANTANDER,https://www.datos.gov.co/Estad-sticas-Nacionales/SECOP-II-Proveedores-Registrados/qmzu-gj57,true
804016152-8,SIAMA SAS,,comercial@siama.co,,WWW.SIAMALTDA.CO,,Bucaramanga,SANTANDER,https://www.datos.gov.co/Estad-sticas-Nacionales/SECOP-II-Proveedores-Registrados/qmzu-gj57,true
804016205-1,INGEFILT S.A.S,,,,,,Bucaramanga,SANTANDER,,false
804016628-1,CAF PROAMBIENTE LIMITADA,,contacto@cafproambiente.com,,WWW.CAFPROAMBIENTE.COM,,Bucaramanga,SANTANDER,https://www.datos.gov.co/Estad-sticas-Nacionales/SECOP-II-Proveedores-Registrados/qmzu-gj57,true
804017084-1,ESTACION DE SERVICIO VIJAGUAL S.A.S.,,,,,,Bucaramanga,SANTANDER,,false
804017169-7,INGENIERIA DE SERVICIOS TECNICOS INSERTEC SAS,,,,,,Bucaramanga,SANTANDER,,false
804017502-7,SIGA OIL S.A,,admon.edsaranzoque@gmail.com,,,,Floridablanca,SANTANDER,https://www.datos.gov.co/Estad-sticas-Nacionales/SECOP-II-Proveedores-Registrados/qmzu-gj57,true
805027872-3,ABONO VERDE COMPOSTING LIMITADA,,,,,,Bucaramanga,SANTANDER,,false
80657692-8,RODRIGUEZ SANCHEZ SERGIO LEANDRO,,,,,,Socorro,SANTANDER,,false
807002211-4,GAMBOA GONZALEZ ASOCIADOS SAS,,jaragara@gmail.com,,,,Bucaramanga,SANTANDER,https://www.datos.gov.co/Estad-sticas-Nacionales/SECOP-II-Proveedores-Registrados/qmzu-gj57,true
80727474-1,MICHELL JHONATTAN RHOMANDT AMADO,MICHELLKR@HOTMAIL.COM,michellkr@hotmail.com,3115008293,,CARRERA 15 14 38,SAN GIL,SANTANDER,https://www.datos.gov.co/Estad-sticas-Nacionales/SECOP-II-Proveedores-Registrados/qmzu-gj57,true
80852853-2,MATEUS DELGADO GIL ROBERTO,,,,,,Bucaramanga,SANTANDER,,false
813009448-6,SERVINTEGRALSAS,GERENCIA@SERVINTEGRAL.CO,gerencia@servintegral.co,3112240865,WWW.SERVINTEGRAL.CO,CALLE 36#31-39 OFICINA 321,BUCARAMANGA,SANTANDER,https://www.datos.gov.co/Estad-sticas-Nacionales/SECOP-II-Proveedores-Registrados/qmzu-gj57,true
830503377-1,MONTAJES Y REVESTIMIENTOS INGENIERiA DE SERVICIOS LTDA,,licitacionesmonrevltda@gmail.com,,,,Giron,SANTANDER,https://www.datos.gov.co/Estad-sticas-Nacionales/SECOP-II-Proveedores-Registrados/qmzu-gj57,true
830504035-2,ARDECO SAS,,proyectos@ardeco.com.co,,WWW.ARDECO.COM.CO,,Bucaramanga,SANTANDER,https://www.datos.gov.co/Estad-sticas-Nacionales/SECOP-II-Proveedores-Registrados/qmzu-gj57,true
830509429-3,CONSTRUCTEG SAS,LICITACIONES.CONSTRUCTEG@GMAIL.COM,constructeg.licitaciones@gmail.com,3505119211,,CALLE 42 # 27 A - 44 LOCAL 3,BUCARAMANGA,SANTANDER,https://www.datos.gov.co/Estad-sticas-Nacionales/SECOP-II-Proveedores-Registrados/qmzu-gj57,true
830512130-8,PEREZ REYES Y CIA LTDA,PEREZREYESEDSSANPEDRO@HOTMAIL.COM,perezreyesedssanpedro@hotmail.com,6781012,,KM 7 AUTOPISTA BUCARAMANGA A PIEDECUESTA,PIEDECUESTA,SANTANDER,https://www.datos.gov.co/Estad-sticas-Nacionales/SECOP-II-Proveedores-Registrados/qmzu-gj57,true
860354101-5,GRADEX INGENIERIA S.A.,CRAMIREZ@GRADEX.COM.CO,cramirez@gradex.com.co,3183868379,WWW.GRADEX.COM.CO,"CALLE 31 # 22-59, OFICINA",FLORIDABLANCA,SANTANDER,https://www.datos.gov.co/Estad-sticas-Nacionales/SECOP-II-Proveedores-Registrados/qmzu-gj57,true
86072030208-9,QUIROZ URIBE GUSTAVO EDUARDO,,,,,,Bucaramanga,SANTANDER,,false
8700017-8,ROJAS LAURENS LUIS CARLOS,,,,,,Piedecuesta,SANTANDER,,false
88157239-8,CONTRERAS RINCON PEDRO ALBERTO,,,,,,Bucaramanga,SANTANDER,,false
88234481-4,ANAYA BARAJAS NELSON ENRIQUE,,,,,,Floridablanca,SANTANDER,,false
88267863-6,ARIAS ARANDA CAMILO,,,,,,Bucaramanga,SANTANDER,,false
88279666-3,FORGIONY NOGUERA JORGE ISNARDO,,,,,,Bucaramanga,SANTANDER,,false
8860800-4,MENDEZ ABAD DILIO JOSE,,,,,,Floridablanca,SANTANDER,,false
89005493-4,CESAR FERNANDO CORRALES RODRIGUEZ,CESARCOR44@GMAIL.COM,CESARCOR44@GMAIL.COM,3158830430,,CALLE 18 # 15-22,SABANA DE TORRES,SANTANDER,https://www.datos.gov.co/Estad-sticas-Nacionales/SECOP-II-Proveedores-Registrados/qmzu-gj57,true
890200917-6,EMPRESA DE TRANSPORTES LEBRIJA LIMITADA,,translebrijaltda@hotmail.com,,WWW.TRANSLEBRIJA.COM.CO,,Lebrija,SANTANDER,https://www.datos.gov.co/Estad-sticas-Nacionales/SECOP-II-Proveedores-Registrados/qmzu-gj57,true
890200951-7,TRANSPORTES PIEDECUESTA S.A.,GERENCIA@TRANSPIEDECUESTA.COM.CO,auxiliar.juridica@transpiedecuesta.com,6550270,,KILoMETRO 2 ViA PIEDECUESTA A BOGOTa,PIEDECUESTA,SANTANDER,https://www.datos.gov.co/Estad-sticas-Nacionales/SECOP-II-Proveedores-Registrados/qmzu-gj57,true
890201230-1,ELECTRIFICADORA DE SANTANDER S.A. ESP,CINDY.MORALES@ESSA.COM.CO,jose.ramirez@essa.com.co,607 6303333 EXT.1001,WWW.ESSA.COM.CO,CRA. 19 NO. 24-56,BUCARAMANGA,SANTANDER,https://www.datos.gov.co/Estad-sticas-Nacionales/SECOP-II-Proveedores-Registrados/qmzu-gj57,true
890204118-6,PROQUIMSA SAS,COORDINACION.CONTABLE@PROQUIMSA.CO,ejecutivo.petroquimicos@proquimsa.co,3102164116,WWW.PROQUIMSA.CO,CARRERA 19 # 72-46 BARRIO LA LIBERTAD,BARRANCABERMEJA,SANTANDER,https://www.datos.gov.co/Estad-sticas-Nacionales/SECOP-II-Proveedores-Registrados/qmzu-gj57,true
890204814-4,MANUFACTURAS Y PROCESOS INDUSTRIALES LTDA,,servicioalcliente@mpi.net.co,,WWW.MPI.NET.CO,,Floridablanca,SANTANDER,https://www.datos.gov.co/Estad-sticas-Nacionales/SECOP-II-Proveedores-Registrados/qmzu-gj57,true
890205639-6,TORRES & COMPAÑIA LIMITADA,,,,,,Bucaramanga,SANTANDER,,false
890205952-7,GAS NATURAL DEL ORIENTE SA ESP,JFROJAS@GRUPOVANTI.COM,jfrojas@grupovanti.com,3187287630,,DIAGONAL 13 60A 54,BUCARAMANGA,SANTANDER,https://www.datos.gov.co/Estad-sticas-Nacionales/SECOP-II-Proveedores-Registrados/qmzu-gj57,true
890206167-6,COMERCIALIZADORA DE ANTRACITA DE SANTANDER S.A. - EN LIQUIDACION,,,,,,Floridablanca,SANTANDER,,false
890207976-2,EME ING S.A. BIC,COMERCIAL@EMEINGENIERIA.COM.CO,comercial@emeingenieria.com.co,6076306440,HTTP://WWW.EMEINGENIERIA.COM.CO,AVDA. LA ROSITA 18-80 OF. 201,BUCARAMANGA,SANTANDER,https://www.datos.gov.co/Estad-sticas-Nacionales/SECOP-II-Proveedores-Registrados/qmzu-gj57,true
890208316-6,METROGAS DE COLOMBIA SA ESP,METROGAS@METROGASSAESP.COM,metrogas@metrogassaesp.com,6076384935,,CALLE 31 A 26-15 OF 504,FLORIDABLANCA,SANTANDER,https://www.datos.gov.co/Estad-sticas-Nacionales/SECOP-II-Proveedores-Registrados/qmzu-gj57,true
890208963-1,"SERVISANTANDER SOCIEDAD POR ACCIONES SIMPLIFICADA - SERVISANTANDER S.A.S. E.D.S., PARA SER ESTACION DE SERVICIOS",,,,,,Bucaramanga,SANTANDER,,false
890209095-8,SIHSA,INFO@SIHSA.CO,info@sihsa.co,3203332345,WWW.SIHSA.CO,CARRERA 29 45 94 OF 206,BUCARAMANGA,SANTANDER,https://www.datos.gov.co/Estad-sticas-Nacionales/SECOP-II-Proveedores-Registrados/qmzu-gj57,true
890209427-1,INDUSTRIAS ONAR LIMITADA,,,,,,Bucaramanga,SANTANDER,,false
890209841-6,CONSULTORES E INGENIEROS GOMEZ VESGA ASOCIADOS S.A.S.,,,,,,Floridablanca,SANTANDER,,false
890210569-9,CENTRAL DE BOBINADOS SA,GERENCIA@CENTRALDEBOBINADOS.COM,gerencia@centraldebobinados.com,6076712643,WWW.CENTRALDEBOBINADOS.COM,CALLE 17 # 17-18,BUCARAMANGA,SANTANDER,https://www.datos.gov.co/Estad-sticas-Nacionales/SECOP-II-Proveedores-Registrados/qmzu-gj57,true
890211216-9,CONSTRUCTORES CONSULTORES ASOCIADOS SAS,INGENIERIACCA@GMAIL.COM,fprada@pradarojas.com,3108699310,,CARRERA 46 # 56 - 108,BUCARAMANGA,SANTANDER,https://www.datos.gov.co/Estad-sticas-Nacionales/SECOP-II-Proveedores-Registrados/qmzu-gj57,true
890211372-1,ELECTROSUPER LIMITADA,,,,,,Bucaramanga,SANTANDER,,false
890211899-9,COMPAÑIA DE INGENIERIA CIVIL Y CONSTRUCCION SAS,,,,,,Bucaramanga,SANTANDER,,false
890211924-5,ICL-INGENIERIA DE CORROSION LTDA,,ingenieria@iclcorrosion.com,,WWW.ICLCORROSION.COM,,Floridablanca,SANTANDER,https://www.datos.gov.co/Estad-sticas-Nacionales/SECOP-II-Proveedores-Registrados/qmzu-gj57,true
890212040-4,GESTION INTEGRAL DE PROYECTOS LTDA.,,mscote1960@gmail.com,,,,Bucaramanga,SANTANDER,https://www.datos.gov.co/Estad-sticas-Nacionales/SECOP-II-Proveedores-Registrados/qmzu-gj57,true
890212255-0,EDIFICAR SAS,,julianplatar@gmail.com,,,,Bucaramanga,SANTANDER,https://www.datos.gov.co/Estad-sticas-Nacionales/SECOP-II-Proveedores-Registrados/qmzu-gj57,true
890212463-6,LUBRIGRAS S.A.,,mercadeo@lubrigras.net,,WWW.LUBRIGRAS.NET,,Bucaramanga,SANTANDER,https://www.datos.gov.co/Estad-sticas-Nacionales/SECOP-II-Proveedores-Registrados/qmzu-gj57,true
890212892-2,MEGAPETROL ENERGY S.A.S.,,,,,,Floridablanca,SANTANDER,,false
890213010-8,VIDEOSISTEMAS S.A.S.,,,,,,Bucaramanga,SANTANDER,,false
890213074-9,A.M.V. SAS,,josma@amvsa.com,,WWW.AMVSA.COM,,Bucaramanga,SANTANDER,https://www.datos.gov.co/Estad-sticas-Nacionales/SECOP-II-Proveedores-Registrados/qmzu-gj57,true
900007928-6,CAMOVA SAS,,,,,,Bucaramanga,SANTANDER,,false
900007944-4,ARQINGCIVIL LTDA,,,,,,Bucaramanga,SANTANDER,,false
900011869-5,ESTACION DE SERVICIO SAN PEDRO DE ORIENTE S.A.,,,,,,Piedecuesta,SANTANDER,,false
900012301-9,DUARTE COMUNICAR S.A.S.,,gerencia@duartecomunicar.com,,,,Bucaramanga,SANTANDER,https://www.datos.gov.co/Estad-sticas-Nacionales/SECOP-II-Proveedores-Registrados/qmzu-gj57,true
900023598-6,CGA SAS,CONTROLYGESTIONAMBIENTAL1@HOTMAIL.COM,controlygestionambiental1@hotmail.com,6076748738,WWW.CONTROLYGESTIONAMBIENTAL.COM,CALLE 12 NO. 16 - 40,BUCARAMANGA,SANTANDER,https://www.datos.gov.co/Estad-sticas-Nacionales/SECOP-II-Proveedores-Registrados/qmzu-gj57,true
900024035-6,C.I. KROIL S.A.,,,,,,Giron,SANTANDER,,false
900035901-7,PETROCONSTEL S.A.S.,PETROCONSTEL@GMAIL.COM,petroconstel@gmail.com,3167684254,,CL. 9 NO. 21-05,BUCARAMANGA,SANTANDER,https://www.datos.gov.co/Estad-sticas-Nacionales/SECOP-II-Proveedores-Registrados/qmzu-gj57,true
900036818-8,PETROLEO Y GAS INGENIERIA LTDA P & G INGENIERIA LTDA,,,,,,Bucaramanga,SANTANDER,,false
900048175-2,STP LTDA SOLUCIONES TECNOLOGICAS DEPUNTA LIMITADA,EAGLEVANT@STPLTDA.COM,eaglevant@stpltda.com,3104581204,,CALLE 51 # 23 - 77 OFC 101,BUCARAMANGA,SANTANDER,https://www.datos.gov.co/Estad-sticas-Nacionales/SECOP-II-Proveedores-Registrados/qmzu-gj57,true
900065364-1,ARQUITECTURA ASOCIADOS S.A.S.,,,,,,Bucaramanga,SANTANDER,,false
900067387-8,HOLYGAS S.A.S. E.S.P.,,,,,,Bucaramanga,SANTANDER,,false
900071027-7,INNOVA TECNOLOGIA S.A.S.,,,,,,Piedecuesta,SANTANDER,,false
900071411-2,INGENIERIA Y SERVICIOS DE COLOMBIA  SAS,,incicol@hotmail.com,,,,Floridablanca,SANTANDER,https://www.datos.gov.co/Estad-sticas-Nacionales/SECOP-II-Proveedores-Registrados/qmzu-gj57,true
900077956-1,HQI LTDA,,juanmanuelquirogajordan@gmail.com,,,,Bucaramanga,SANTANDER,https://www.datos.gov.co/Estad-sticas-Nacionales/SECOP-II-Proveedores-Registrados/qmzu-gj57,true
900083287-7,GESTION E INNOVACION TECNOLOGICA  GEXNOVA SAS,,gerencia@gexnova.com.co,,WWW.GEXNOVA.COM.CO,,Bucaramanga,SANTANDER,https://www.datos.gov.co/Estad-sticas-Nacionales/SECOP-II-Proveedores-Registrados/qmzu-gj57,true
900088266-5,ASERVIN LTDA,ASERVINLTDA@HOTMAIL.COM,aservinltda@hotmail.com,6076879581,,CALLE 91 #24-40,BUCARAMANGA,SANTANDER,https://www.datos.gov.co/Estad-sticas-Nacionales/SECOP-II-Proveedores-Registrados/qmzu-gj57,true
900096928-6,ESTACION DE SERVICIO Y SERVICENTRO EL BURRO LTDA,,,,,,Bucaramanga,SANTANDER,,false
900099170-4,GYR INGENIERIA SAS BIC,AUXILIAR.CONTABLE@GYRINGENIERIA.COM,administrativo@gyringenieria.com,6574701,WWW.GYRINGENIERIA.COM,CARRERA 28 NO. 55-44,BUCARAMANGA,SANTANDER,https://www.datos.gov.co/Estad-sticas-Nacionales/SECOP-II-Proveedores-Registrados/qmzu-gj57,true
900100553-5,COINOBRAS GAS S.A. E.S.P,,cristhiam.gomez@coinogas.com,,,,Floridablanca,SANTANDER,https://www.datos.gov.co/Estad-sticas-Nacionales/SECOP-II-Proveedores-Registrados/qmzu-gj57,true
900103396-9,"COMERCIO, SERVICIOS E INGENIERIA S.A.S.",,,,,,Lebrija,SANTANDER,,false
900107649-5,GRUPO PLANETA AMBIENTAL INVERSIONES S.A.S,,,,,,Piedecuesta,SANTANDER,,false
900111588-1,INVERSIONES Y CONSTRUCTORA SANCE SAS,,,,,,Bucaramanga,SANTANDER,,false
900115933-6,INGERSAMA LTDA,INGERSAMALTDA@HOTMAIL.COM,ingersamaltda@hotmail.com,6983294,,TRANSVERSAL ORIENTAL EDIFICIO HISPANIA #90-223 APARTAMENTO 15-02,Bucaramanga,SANTANDER,https://www.datos.gov.co/Estad-sticas-Nacionales/SECOP-II-Proveedores-Registrados/qmzu-gj57,true
900120841-7,GASENERGY SAS,,,,,,Bucaramanga,SANTANDER,,false
900121415-7,INVERSORA G&P LTDA,,,,,,Bucaramanga,SANTANDER,,false
900130117-5,PRODINGE SAS,,prodinge.ltda@hotmail.com,,,,Bucaramanga,SANTANDER,https://www.datos.gov.co/Estad-sticas-Nacionales/SECOP-II-Proveedores-Registrados/qmzu-gj57,true
900132568-2,SETKA INGENIEROS SAS,,eangarita@setka.co,,WWW.SETKA.CO,,Bucaramanga,SANTANDER,https://www.datos.gov.co/Estad-sticas-Nacionales/SECOP-II-Proveedores-Registrados/qmzu-gj57,true
900134755-2,FRIO ELECTRICOS MANTENIMIENTO LTDA,,,,,,Bucaramanga,SANTANDER,,false
900137208-9,AUTOMATION & INDUSTRIAL SERVICES A.I.S S.A.S.,,,,,,Bucaramanga,SANTANDER,,false
900141690-1,INDUPETROL LTDA,,,,,,Floridablanca,SANTANDER,,false
900142712-1,ULLOA ARAQUE LIMITADA,,,,,,Bucaramanga,SANTANDER,,false
900144669-1,TIC SYSTEM GROUP S.A.S.,,,,,,Bucaramanga,SANTANDER,,false
900148768-9,ENERMAS SAS ESP,INFO@ENERMAS.COM.CO,info@enermas.com.co,3004675049,WWW.ENERMAS.COM.CO,CALLE 31A N.26-15 OFICINA 501 CENTRO EMPRESARIAL LA FLORIDA,FLORIDABLANCA,SANTANDER,https://www.datos.gov.co/Estad-sticas-Nacionales/SECOP-II-Proveedores-Registrados/qmzu-gj57,true
900150524-5,"""INGENIERIA GEOTECNICA Y PAVIMENTOS SAS""",,,,,,Los Santos,SANTANDER,,false
900160707-9,CEMATCOM LTDA,,,,,,Floridablanca,SANTANDER,,false
900162150-6,POTENCIAL INGENIERiA SAS,GERENCIAPOTENCIAL@HOTMAIL.COM,direccion.potencial@hotmail.com,2761764,,CRA 4 # 2 05 LOCAL 103 EDIFICIO PALO ALTO LA POLA,IBAGUe,TOLIMA,https://www.datos.gov.co/Estad-sticas-Nacionales/SECOP-II-Proveedores-Registrados/qmzu-gj57,true
900169491-4,COMPAÑiA COLOMBIANA DE SERVICIOS EN METROLOGiA E INGENIERiA LTDA,CCOLSMI.LTDA@GMAIL.COM,ccolsmi.ltda@gmail.com,3004892917,,CARRERA 23A # 101-17 PISO 2 PROVENZA,BUCARAMANGA,SANTANDER,https://www.datos.gov.co/Estad-sticas-Nacionales/SECOP-II-Proveedores-Registrados/qmzu-gj57,true
900172713-5,IMT S.A.S.,IMTSASGERENCIA@GMAIL.COM,imtsasgerencia@gmail.com,3185443265,,CARRERA 20 91-19 DIAMANTE 2,BUCARAMANGA,SANTANDER,https://www.datos.gov.co/Estad-sticas-Nacionales/SECOP-II-Proveedores-Registrados/qmzu-gj57,true
900177706-6,DIGITO CONSULTORIAS Y PROYECTOS S.A.S.,,,,,,Piedecuesta,SANTANDER,,false
900181815-6,INGENIERIA SERVICIOS PROYECTOS DE COLOMBIA LTDA,,,,,,Giron,SANTANDER,,false
900182014-8,VESTA INGENIERIA SAS,,,,,,Bucaramanga,SANTANDER,,false
900197640-4,HEGA SA ESP,,HEGA.ESP@GMAIL.COM,,WWW.HEGASAESP.COM,,Bucaramanga,SANTANDER,https://www.datos.gov.co/Estad-sticas-Nacionales/SECOP-II-Proveedores-Registrados/qmzu-gj57,true
900198494-1,CDA CIUDAD BONITA LIMITADA,,yamida80@hotmail.com,,,,Bucaramanga,SANTANDER,https://www.datos.gov.co/Estad-sticas-Nacionales/SECOP-II-Proveedores-Registrados/qmzu-gj57,true
900199583-1,PROYCONCI LTDA,,PROYCONCI@HOTMAIL.COM,,,,Hato,SANTANDER,https://www.datos.gov.co/Estad-sticas-Nacionales/SECOP-II-Proveedores-Registrados/qmzu-gj57,true
900202701-7,IBG,,ibg.ingenieria@hotmail.com,,,,Bucaramanga,SANTANDER,https://www.datos.gov.co/Estad-sticas-Nacionales/SECOP-II-Proveedores-Registrados/qmzu-gj57,true
900204914-8,SOTECMAR LTDA,,sotecmar.ltda@gmail.com,,,,Piedecuesta,SANTANDER,https://www.datos.gov.co/Estad-sticas-Nacionales/SECOP-II-Proveedores-Registrados/qmzu-gj57,true
900205420-6,SK INGENIERIA Y PROYECTOS LTDA,,,,,,Piedecuesta,SANTANDER,,false
900206594-3,INVERSIONES LA 27 SA,,mercadeo@edsla27.com,,WWW.EDSLA27.COM,,Bucaramanga,SANTANDER,https://www.datos.gov.co/Estad-sticas-Nacionales/SECOP-II-Proveedores-Registrados/qmzu-gj57,true
900207914-1,TEC NOVA S.A.S.,,,,,,Floridablanca,SANTANDER,,false
900213859-9,SAFS SOLUCIONES SAS,SAFSCONTABILIDAD@HOTMAIL.COM,safscontabilidad@gmail.com,3243233752,,CL 19 24 28 OF 1405,BUCARAMANGA,SANTANDER,https://www.datos.gov.co/Estad-sticas-Nacionales/SECOP-II-Proveedores-Registrados/qmzu-gj57,true
900214164-3,E.M. INGEMIL S.A.S,INGEMILSAS18@GMAIL.COM,ingemilsas18@gmail.com,3133483779,,CL 19 10 48 BRR EL VERGEL,SAN GIL,SANTANDER,https://www.datos.gov.co/Estad-sticas-Nacionales/SECOP-II-Proveedores-Registrados/qmzu-gj57,true
900217159-1,ICG CONSULTORES S.A.S.,,,,,,Bucaramanga,SANTANDER,,false
900221155-6,EMPRENDER SOLUCIONES LTDA,YAZMINVERA@EMPRENDER-SOLUCIONES.COM,yazminnev@gmail.com,3132627390,,CRA 4 # 65A02,BUCARAMANGA,SANTANDER,https://www.datos.gov.co/Estad-sticas-Nacionales/SECOP-II-Proveedores-Registrados/qmzu-gj57,true
900222482-4,CONSULTORIAS Y REPRESENTACIONES MPL SAS,,elber.lancheros@gmail.com,,WWW.MPLCONSULTORIAS.COM,,Bucaramanga,SANTANDER,https://www.datos.gov.co/Estad-sticas-Nacionales/SECOP-II-Proveedores-Registrados/qmzu-gj57,true
900222796-1,CENTRO DE DIAGNOSTICO AUTOMOTOR CHICAMOCHA LTDA,,cdachicamocha@gmail.com,,HTTPS://CDA-CHICAMOCHA-LTDA.NEGOCIO.SITE/,,San Gil,SANTANDER,https://www.datos.gov.co/Estad-sticas-Nacionales/SECOP-II-Proveedores-Registrados/qmzu-gj57,true
900224263-7,METADATOS LTDA,METADATOS@GMAIL.COM,metadatos@gmail.com,3114843761,,CARRERA 12 # 200-14 ANILLO VIAL T1-1306,FLORIDABLANCA,SANTANDER,https://www.datos.gov.co/Estad-sticas-Nacionales/SECOP-II-Proveedores-Registrados/qmzu-gj57,true
900224940-5,"SOCIEDAD PARA LA PRESTACIoN DE SERVICIOS VETERINARIOS, ZOOTECNICOS Y AMBIENTALES S.A.S",,,,,,Bucaramanga,SANTANDER,https://www.datos.gov.co/Estad-sticas-Nacionales/SECOP-II-Proveedores-Registrados/qmzu-gj57,true
900245155-1,C.D.A. LAS MOTOS DE BUCARAMANGA S.A.S.,,,,,,Bucaramanga,SANTANDER,,false
900247665-3,SOLARB S.A.S,,,,,,Bucaramanga,SANTANDER,,false
900249166-9,INSTRUMENTA DE COLOMBIA LTDA,,,,,,Floridablanca,SANTANDER,,false
900256369-6,EDS REAL DE MINAS SA,,edsrealdeminas@gmail.com,,,,Bucaramanga,SANTANDER,https://www.datos.gov.co/Estad-sticas-Nacionales/SECOP-II-Proveedores-Registrados/qmzu-gj57,true
900260200-6,CRUZ FLOREZ INGENIERIA S.A.S.,,,,,,Floridablanca,SANTANDER,,false
900263230-0,INK INGENIERIA Y TECNOLOGIA LTDA,,info@inkingenieria.com,,WWW.INKINGENIERIA.COM,,Bucaramanga,SANTANDER,https://www.datos.gov.co/Estad-sticas-Nacionales/SECOP-II-Proveedores-Registrados/qmzu-gj57,true
900266467-2,MARTHA LILIANA GONZALEZ LOPEZ INGENIERIA SAS,MLGLINGENIERIA@OUTLOOK.COM,mlglingenieria@outlook.com,3106662189,,CARRERA 29 NO. 45-94 OFICINA 302,BUCARAMANGA,SANTANDER,https://www.datos.gov.co/Estad-sticas-Nacionales/SECOP-II-Proveedores-Registrados/qmzu-gj57,true
900269407-4,INVERSIONES BASAN LTDA,,,,,,Floridablanca,SANTANDER,,false
900271778-8,"CONSTRUCCION,ELECTRIFICACION E INGENIERIA SAS",CONECINGLTDA@HOTMAIL.COM,conecingltda@hotmail.com,6944506,,CALLE 11A NO 8-35,BUCARAMANGA,SANTANDER,https://www.datos.gov.co/Estad-sticas-Nacionales/SECOP-II-Proveedores-Registrados/qmzu-gj57,true
900272514-5,"CONSTRUCCIONES CON TECNOLOGIA, CONSTRUTECNO S A S",,,,,,Bucaramanga,SANTANDER,,false
900273265-0,AUTOJOL SAS,ESTACIONDESERVICIOLAUNION@GMAIL.COM,estaciondeserviciolaunion@gmail.com,3182194840,,CRA 17 #42-42,BUCARAMANGA,SANTANDER,https://www.datos.gov.co/Estad-sticas-Nacionales/SECOP-II-Proveedores-Registrados/qmzu-gj57,true
900274117-3,PROIM INGENIERIA SAS,,proimingenieriasas@hotmail.com,,,,Bucaramanga,SANTANDER,https://www.datos.gov.co/Estad-sticas-Nacionales/SECOP-II-Proveedores-Registrados/qmzu-gj57,true
900276914-6,INGENIO AMB SAS,,info@ingenioamb.com.co,,WWW.INGENIOAMB.COM.CO,,Floridablanca,SANTANDER,https://www.datos.gov.co/Estad-sticas-Nacionales/SECOP-II-Proveedores-Registrados/qmzu-gj57,true
900292858-9,PROYMELEC INGENIERIA SAS,,administrativa@proymelec.com,,WWW.PROYMELEC.COM,,Bucaramanga,SANTANDER,https://www.datos.gov.co/Estad-sticas-Nacionales/SECOP-II-Proveedores-Registrados/qmzu-gj57,true
900295153-9,"SERVICIOS ESPECIALIZADOS DE ELECTRICIDAD, ELECTRONICA Y TELECOMUNICACIONES LTDA.",,,,,,Floridablanca,SANTANDER,,false
900304051-6,TIK'S GROUP S.A.S.,,,,,,Bucaramanga,SANTANDER,,false
900304880-5,ECOTECNOLOGIAS SAS,ECOTECNOLOGIAS_SAS@HOTMAIL.COM,ecotecnologias_sas@hotmail.com,3108138508,,CRA 14 NO 15-48 BARRIO GAITAN,BUCARAMANGA,SANTANDER,https://www.datos.gov.co/Estad-sticas-Nacionales/SECOP-II-Proveedores-Registrados/qmzu-gj57,true
900305485-3,ALIANZA CONSULTORA & INGENIERIA SAS,ALICONSAS@GMAIL.COM,aliconsas@gmail.com,6960354,WWW.ALICONINGENIERIA.COM,CRA 23 N 39 30 INT 101,BUCARAMANGA,SANTANDER,https://www.datos.gov.co/Estad-sticas-Nacionales/SECOP-II-Proveedores-Registrados/qmzu-gj57,true
900305752-5,MANTILLA & ROJAS S.A.S.,,,,,,San Gil,SANTANDER,,false
900308303-5,P.A.C.E. INGENIERIA,,paceingenieria@gmail.com,,,,Bucaramanga,SANTANDER,https://www.datos.gov.co/Estad-sticas-Nacionales/SECOP-II-Proveedores-Registrados/qmzu-gj57,true
900311856-7,GRUPO DE CONSULTORIAS Y SOLUCIONES TECNICAS S.A.S,PROYECTOS@CONSOLTECGROUP.COM,proyectos@consoltecgroup.com,607 6835462,WWW.CONSOLTECGROUP.COM,CRA 11 # 41-24,BUCARAMANGA,SANTANDER,https://www.datos.gov.co/Estad-sticas-Nacionales/SECOP-II-Proveedores-Registrados/qmzu-gj57,true
900313977-9,IATI INGENIERIA Y AUTOMATIACION TOTALMENTE INTEGRADA S.A.S,,IATI_INGENIERIA@HOTMAIL.COM,,,,Lebrija,SANTANDER,https://www.datos.gov.co/Estad-sticas-Nacionales/SECOP-II-Proveedores-Registrados/qmzu-gj57,true
900319879-2,"E.C.S. ELECTRICIDAD, COMUNICACION Y SISTEMAS S.A.S.",,,,,,Floridablanca,SANTANDER,,false
900321021-7,ESI DE COLOMBIA S.A.S.,,P.ACEVEDO@ESIDECOLOMBIA.CO,,HTTP://ESIDECOLOMBIA.CO/,,Bucaramanga,SANTANDER,https://www.datos.gov.co/Estad-sticas-Nacionales/SECOP-II-Proveedores-Registrados/qmzu-gj57,true
900323569-1,FAVEL INGENIERIA E.U.,,,,,,Bucaramanga,SANTANDER,,false
900325920-1,AGENTE EXPERTO EN SERVICIOS PuBLICOS SAS ESP,,gerencia@aesp.com.co,,WWW.AESP.COM.CO,,Villanueva,SANTANDER,https://www.datos.gov.co/Estad-sticas-Nacionales/SECOP-II-Proveedores-Registrados/qmzu-gj57,true
900327664-1,IMSAGUAS LTDA,,administrativo@imsaguas.com,,,,Piedecuesta,SANTANDER,https://www.datos.gov.co/Estad-sticas-Nacionales/SECOP-II-Proveedores-Registrados/qmzu-gj57,true
900334759-1,ORTIZ RUIZ CONSULTORES S.A.S.,,,,,,Piedecuesta,SANTANDER,,false
900335343-4,TORRES ING SAS,,jcesartorresca@gmail.com,,WWW.TORRESINGENIERIASAS.COM,,Bucaramanga,SANTANDER,https://www.datos.gov.co/Estad-sticas-Nacionales/SECOP-II-Proveedores-Registrados/qmzu-gj57,true
900343225-7,BONILLA Y ASOCIADOS S.A.S.,,,,,,Bucaramanga,SANTANDER,,false
900348026-0,"GESTION EMPRESARIAL, CONSULTORIAS E INGENIERIA S.A.S.",,,,,,Bucaramanga,SANTANDER,,false
900348900-3,SOLUMED INGENIERIA SAS,GERENCIA@SOLUMEDINGENIERIA.COM.CO,compras@solumedingenieria.com.co,3006358050,,CARRERA 38 #32-48,BUCARAMANGA,SANTANDER,https://www.datos.gov.co/Estad-sticas-Nacionales/SECOP-II-Proveedores-Registrados/qmzu-gj57,true
900348906-7,SOLUCIONES Y SERVICIOS EN PROCESOS DE INGENIERIA SOCIEDAD POR ACCIONES SIM PLIFICADAS,,,,,,Floridablanca,SANTANDER,,false
900349039-0,GNVC BUCARAMANGA S.A.S,,gerencia@edsbucaros.com,,,,Bucaramanga,SANTANDER,https://www.datos.gov.co/Estad-sticas-Nacionales/SECOP-II-Proveedores-Registrados/qmzu-gj57,true
900349430-8,LUBRIXEL S.A.S.,DIRECTOR.B2B@LUBRIXEL.COM,director.b2b@lubrixel.com,0353324832,HTTPS://WWW.INSTAGRAM.COM/LUBRIXELSAS/,"ViA 40 NO.71-197 BODEGA 504, CENTRO INDUSTRIAL MARYSOL",BARRANQUILLA,ATLaNTICO,https://www.datos.gov.co/Estad-sticas-Nacionales/SECOP-II-Proveedores-Registrados/qmzu-gj57,true
900351877-2,B.R.C. INGENIERIA S.A.S.,,,,,,Floridablanca,SANTANDER,,false
900356399-6,COLOMBIANA DE INGENIERIA E INFRAESTRUCTURA SOCIEDAD POR ACCIONES           SIMPLIFICADA,,,,,,Bucaramanga,SANTANDER,,false
900356992-4,INGETECNIA S.A.S.,ASISTENTE.INGETECNIASAS@GMAIL.COM,asistente.ingetecniasas@gmail.com,3156349907,,CALLE 18 N. 10-14,SAN GIL,SANTANDER,https://www.datos.gov.co/Estad-sticas-Nacionales/SECOP-II-Proveedores-Registrados/qmzu-gj57,true
900357036-2,CDA BUCARAMANGA SAS,CONTABILIDAD@CDABUCARAMANGA.COM.CO,comercial@cdabucaramanga.com.co,3103010122,,CARRERA 14 N. 12-91,BUCARAMANGA,SANTANDER,https://www.datos.gov.co/Estad-sticas-Nacionales/SECOP-II-Proveedores-Registrados/qmzu-gj57,true
900364259-7,INCCA CONSTRUCCIONES SAS,INCCACONSTRUCCIONESSAS@GMAIL.COM,inccaconstruccionessas@gmail.com,3142253593,,"CENTRO COMERCIAL CAMINO REAL CARRERA 9 # 11 - 68 OFICINA 210, SAN GIL",SAN GIL,SANTANDER,https://www.datos.gov.co/Estad-sticas-Nacionales/SECOP-II-Proveedores-Registrados/qmzu-gj57,true
900364887-2,"DISEÑO, INGENIERIA Y POSTENSADO S.A.S",POSTENSADOS.COM@GMAIL.COM,rodolfo.tirado@dipzf.com,6908073,,CARRERA 9 # 24 - 03,FLORIDABLANCA,SANTANDER,https://www.datos.gov.co/Estad-sticas-Nacionales/SECOP-II-Proveedores-Registrados/qmzu-gj57,true
900371417-3,EDS GNV MI ISLA S.A.S,EDSMIISLAPIEDECUESTA@HOTMAIL.COM,miisla2023@outlook.com,6559527,,KILOMETRO 14 VIA PIEDECUESTA,PIEDECUESTA,SANTANDER,https://www.datos.gov.co/Estad-sticas-Nacionales/SECOP-II-Proveedores-Registrados/qmzu-gj57,true
900375005-0,CDA LA ISLA DE LA 52 S.A.S.,,,,,,Bucaramanga,SANTANDER,,false
900375608-1,ECOLOGICA CONSTRUCCIONES LTDA.,,,,,,Lebrija,SANTANDER,,false
900375912-6,DOMOTICA INTERWORLD S.A.S.,,,,,,Bucaramanga,SANTANDER,,false
900375922-1,CAPITEL CONSTRUCCIONES SAS,CAPITELCONSTRUCCIONES@GMAIL.COM,ANDRESFUENTES0917@GMAIL.COM,3013954454,,CALLE 22 NO 28-05,FLORIDABLANCA,SANTANDER,https://www.datos.gov.co/Estad-sticas-Nacionales/SECOP-II-Proveedores-Registrados/qmzu-gj57,true
900379724-6,SYC GARZON S.A.S.,,,,,,Gambita,SANTANDER,,false
900380633-6,PETROSERVICIOS H&S SAS,,,,,,Floridablanca,SANTANDER,,false
900387557-6,INVERSIONES PT ORTIZ S.A.S.,,,,,,Floridablanca,SANTANDER,,false
900389700-2,LAN REDES SAS,,gerenciaadministrativa@lanredes.com,,,,Bucaramanga,SANTANDER,https://www.datos.gov.co/Estad-sticas-Nacionales/SECOP-II-Proveedores-Registrados/qmzu-gj57,true
900392033-9,SWITCHING SAS,,fadia.baldovino@switching.co,,HTTP://SWITCHING.CO,,Floridablanca,SANTANDER,https://www.datos.gov.co/Estad-sticas-Nacionales/SECOP-II-Proveedores-Registrados/qmzu-gj57,true
900392140-9,SINERGIA PROYECTOS DE INGENIERiA S.A.S.,ING.SINERGIAPROYECTOS@GMAIL.COM,ing.sinergiaproyectos@gmail.com,3156765217,,CALLE 22 NO. 16-07 TORRE 2 APTO. 615,GIRoN,SANTANDER,https://www.datos.gov.co/Estad-sticas-Nacionales/SECOP-II-Proveedores-Registrados/qmzu-gj57,true
900396515-5,CONSORCIO ORDOÑEZ SAS,,,,,,Bucaramanga,SANTANDER,,false
900400721-3,CENTRO DE DIAGNOSTICO AUTOMOTOR PUERTA DEL SOL S.A.S.,,,,,,Bucaramanga,SANTANDER,,false
900404772-7,GRUPO EMPRESARIAL SANTANDER S.A.S.,,,,,,Bucaramanga,SANTANDER,,false
900405926-9,SERVICIOS ELECTRICOS Y TELECOMUNICACIONES ROC S.A.S.,,,,,,Bucaramanga,SANTANDER,,false
900406493-6,"INGENIERIA, ASESORIA Y DESARROLLOS LTDA",,,,,,Floridablanca,SANTANDER,,false
900408344-6,SEGURYTEC SAS,,segurytec2@hotmail.com,,,,Bucaramanga,SANTANDER,https://www.datos.gov.co/Estad-sticas-Nacionales/SECOP-II-Proveedores-Registrados/qmzu-gj57,true
900409393-1,DISTRIBUIDORA COLOMBIANA DE PARAFINAS SAS,,,,,,Piedecuesta,SANTANDER,,false
900409971-9,5T S.A.S.,,comercial@cincot.com,,,,Bucaramanga,SANTANDER,https://www.datos.gov.co/Estad-sticas-Nacionales/SECOP-II-Proveedores-Registrados/qmzu-gj57,true
900411285-0,CEDEÑO INGENIERIA S.A.S.,,,,,,Bucaramanga,SANTANDER,,false
900411307-4,LLAVE EN MANO S.A.,,,,,,Bucaramanga,SANTANDER,,false
900414965-4,ESTACION DE SERVICIO ZONA MINERA,,erikaniramacristiano@hotmail.com,,,,California,SANTANDER,https://www.datos.gov.co/Estad-sticas-Nacionales/SECOP-II-Proveedores-Registrados/qmzu-gj57,true
900416366-1,AEROPLANING S.A.S.,,,,,,Floridablanca,SANTANDER,,false
900422864-2,ROBERTO MARTINEZ PRADA S.A.S.,,,,,,Floridablanca,SANTANDER,,false
900424896-7,PACHSAN OIBA LIMITADA,,,,,,Oiba,SANTANDER,,false
900427442-0,KER INGENIERIA S.A.S. BIC,LCACERES@KERINGENIERIA.COM,lcaceres@keringenieria.com,6327986,WWW.KERINGENIERIA.COM,CALLE 41 # 27 - 63 OFICINA 504,BUCARAMANGA,SANTANDER,https://www.datos.gov.co/Estad-sticas-Nacionales/SECOP-II-Proveedores-Registrados/qmzu-gj57,true
900428468-6,ITALCOL ENERGIA S.A. E.S.P ITALENER S.A. E.S.P,,,,,,Giron,SANTANDER,,false
900430655-3,DIAMEL INGENIERIA SAS,,,,,,Bucaramanga,SANTANDER,,false
900435942-5,MANTENIMIENTO ELECTRONICO S.A.S.,,,,,,Bucaramanga,SANTANDER,,false
900437599-0,INGENIERIA INTEGRAL ZONA FRANCA S.A.S.,,,,,,Floridablanca,SANTANDER,,false
900439500-1,VOLTA INGENIERIA SAS,,jaimeorlandoserrano@gmail.com,,,,Bucaramanga,SANTANDER,https://www.datos.gov.co/Estad-sticas-Nacionales/SECOP-II-Proveedores-Registrados/qmzu-gj57,true
900439854-3,PERALTA INGENIERIA S.A.S.,,coordinacionproyectosperalta@gmail.com,,WWW.PERALTAINGENIERIA.COM,,Bucaramanga,SANTANDER,https://www.datos.gov.co/Estad-sticas-Nacionales/SECOP-II-Proveedores-Registrados/qmzu-gj57,true
900440531-1,INTERNATIONAL OIL GAS S.A. E.S.P.,,,,,,Bucaramanga,SANTANDER,,false
900445192-0,SACHAR SOCIEDAD POR ACCIONES SIMPLIFICADA,ADMINISTRATIVO@SACHAR.COM.CO,gerencia@sachar.com.co,6472127,HTTP://WWW.SACHAR.COM.CO,CRA. 34 # 54-46,BUCARAMANGA,SANTANDER,https://www.datos.gov.co/Estad-sticas-Nacionales/SECOP-II-Proveedores-Registrados/qmzu-gj57,true
900447336-3,SOLOCARGA S.A.S.,,,,,,Floridablanca,SANTANDER,,false
900450397-3,"OFS SAS. COMERCIO, SERVICIOS Y LOGISTICA",,,,,,Floridablanca,SANTANDER,,false
900450398-0,INGENIERiA Y SOLUCIONES ENERGeTICAS SAS,,solucionesenergeticassas@gmail.com,,,,Bucaramanga,SANTANDER,https://www.datos.gov.co/Estad-sticas-Nacionales/SECOP-II-Proveedores-Registrados/qmzu-gj57,true
900455108-4,PATRICIA GAMBOA O. ARQUITECTURA Y URBANISMO S.A.S,,,,,,Bucaramanga,SANTANDER,,false
900455661-6,REFISOL S.A.S,,,,,,Floridablanca,SANTANDER,,false
900456302-1,DANIEL GARCIA HERNANDEZ E HIJOS S. EN.C.S.,,estacion.dagar@gmail.com,,,,Bucaramanga,SANTANDER,https://www.datos.gov.co/Estad-sticas-Nacionales/SECOP-II-Proveedores-Registrados/qmzu-gj57,true
900456441-7,SIMMAF INGENIERIA S.A.S.,,,,,,Bucaramanga,SANTANDER,,false
900457525-1,PROYECTING INM SAS PROYECTOS DE INGENIERIA Y SERVICIOS INMOBILIARIOS,PROYECTINGINM@GMAIL.COM,proyectinginm@gmail.com,6659024,,CARRERA 9#4N-27,PIEDECUESTA,SANTANDER,https://www.datos.gov.co/Estad-sticas-Nacionales/SECOP-II-Proveedores-Registrados/qmzu-gj57,true
900462400-1,FACA CONSULTORIA Y CONSTRUCCION S.A.S.,,,,,,Bucaramanga,SANTANDER,,false
900467069-7,VALENCIA SOLUCIONES EN DISEÑO E INGENIERIA S.A.S,,,,,,Bucaramanga,SANTANDER,,false
900467866-0,CIVIL SERVICE S.A.S.,GERENCIA@CIVILCOLOMBIA.COM,gerencia@civilcolombia.com,3506667604,,CARRERA 34 NO 14-14,BUCARAMANGA,SANTANDER,https://www.datos.gov.co/Estad-sticas-Nacionales/SECOP-II-Proveedores-Registrados/qmzu-gj57,true
900468957-7,INGENIEROS GEOTECNISTAS ASOCIADOS SAS,,ingeassa@yahoo.com,,,,Floridablanca,SANTANDER,https://www.datos.gov.co/Estad-sticas-Nacionales/SECOP-II-Proveedores-Registrados/qmzu-gj57,true
900469435-9,VETROPLUS S.A.S,,,,,,Bucaramanga,SANTANDER,,false
900473803-1,CENTRO DE DIAGNOSTICO AUTOMOTOR INSPECCION TECNICO MECANICA Y GASES SAS,,,,,,Giron,SANTANDER,,false
900473812-8,HIDROSOLTA DE COLOMBIA SAS,,,,,,Floridablanca,SANTANDER,,false
900477460-7,ASGARD INGENIERIA & CONSTRUCCION S.A.S.,,,,,,Bucaramanga,SANTANDER,,false
900478508-6,ZENTERRA SAS,,,,,,Oiba,SANTANDER,,false
900482123-1,DISANMOTOS S.A.S.,,,,,,Bucaramanga,SANTANDER,,false
900482751-5,SIMARQ SAS,,simarqgh@gmail.com,,,,Bucaramanga,SANTANDER,https://www.datos.gov.co/Estad-sticas-Nacionales/SECOP-II-Proveedores-Registrados/qmzu-gj57,true
900483036-1,ENERGIA & AGUA S.A.S. E.S.P.,,,,,,Floridablanca,SANTANDER,,false
900485125-8,TIK'SAL S.A.S.,,,,,,Giron,SANTANDER,,false
900487338-9,TERIK S.A.S.,,,,,,Piedecuesta,SANTANDER,,false
900490796-1,C&C S.A.S.,CYCSAS900@GMAIL.COM,cycsas900@gmail.com,6076176117,,CL 51 35 28 OFICINA 219,BUCARAMANGA,SANTANDER,https://www.datos.gov.co/Estad-sticas-Nacionales/SECOP-II-Proveedores-Registrados/qmzu-gj57,true
900492967-1,INGENIERiA Y SUELOS,JAVIER__526@HOTMAIL.COM,javier__526@hotmail.com,3165281286,,CRA 1 NO. 45-101,BUCARAMANGA,SANTANDER,https://www.datos.gov.co/Estad-sticas-Nacionales/SECOP-II-Proveedores-Registrados/qmzu-gj57,true
900494267-3,MIGUEL SILVA INGENIERIA S.A.S,MIGUELSILVAMONSALVE@GMAIL.COM,rocio_gomezmejia@hotmail.com,3183598274,,CRA 25 A NO- 148-20 C17 VISTA CAMPESTRE,FLORIDABLANCA,SANTANDER,https://www.datos.gov.co/Estad-sticas-Nacionales/SECOP-II-Proveedores-Registrados/qmzu-gj57,true
900494295-1,MADE ENERGY SAS,INFO@MADEENERGY.CO,info@madeenergy.co,6326582,WWW.MADEENERGY.COM.CO,CALLE 33A # 46-23,BUCARAMANGA,SANTANDER,https://www.datos.gov.co/Estad-sticas-Nacionales/SECOP-II-Proveedores-Registrados/qmzu-gj57,true
900496299-8,ISELEK INGENIERIA LTDA,,,,,,Bucaramanga,SANTANDER,,false
900500779-9,QUIMIPROYECTOS SAS,,quimiproyectoslab@gmail.com,,WWW.QUIMIPROYECTOS.COM,,Bucaramanga,SANTANDER,https://www.datos.gov.co/Estad-sticas-Nacionales/SECOP-II-Proveedores-Registrados/qmzu-gj57,true
900502266-1,JASOLAR S.A.S,,,,,,Piedecuesta,SANTANDER,,false
900502897-9,INDUSTRIAS CTS S.A.S.,,,,,,Bucaramanga,SANTANDER,,false
900503958-4,ASESORIAS Y SERVICIOS L.J.D. HERMANOS S.A.S.,,,,,,Bucaramanga,SANTANDER,,false
900506002-2,WM SAS,MCALDERON@WMSAS.CO,mcalderon@wmsas.co,6076707583,WWW.WMSAS.CO,CARRERA 20 N. 33-46 OF 301 EDIFICIO LOS ROBLES,BUCARAMANGA,SANTANDER,https://www.datos.gov.co/Estad-sticas-Nacionales/SECOP-II-Proveedores-Registrados/qmzu-gj57,true
900506258-0,L.C.R. INGENIERIA Y TRANSPORTE SAS,LUCARS07@HOTMAIL.COM,lucars07@hotmail.com,3176368001,,CALLE 3 AN NO 8-145,PIEDECUESTA,SANTANDER,https://www.datos.gov.co/Estad-sticas-Nacionales/SECOP-II-Proveedores-Registrados/qmzu-gj57,true
900506432-6,TIAGO INGENIERIA S.A.S,TIAGOINGENIERIASAS@GMAIL.COM,tiagoingenieriasas@gmail.com,3013710591,,CARRERA 21 # 10-28 PISO 2,SAN GIL,SANTANDER,https://www.datos.gov.co/Estad-sticas-Nacionales/SECOP-II-Proveedores-Registrados/qmzu-gj57,true
900507428-0,"BIENES, CONSTRUCCIONES Y NEGOCIOS INMOBILIARIOS S.A.S.",,,,,,Bucaramanga,SANTANDER,,false
900508501-5,INGEOTEK B SAS,INGEOTEKBSAS@HOTMAIL.COM,ingeotekbsas@hotmail.com,3183907633,,CASA 3 LOTE 2 VEREDA GUATIGUARA,PIEDECUESTA,SANTANDER,https://www.datos.gov.co/Estad-sticas-Nacionales/SECOP-II-Proveedores-Registrados/qmzu-gj57,true
900509831-5,INGEOTEL S.A.S.,,,,,,Bucaramanga,SANTANDER,,false
900515025-1,AMV ZONA FRANCA S.A.S,,,,,,Floridablanca,SANTANDER,,false
900515139-0,SICA S.AS.,SICASAS2018@GMAIL.COM,sicasas2018@gmail.com,3208036549,,CALLE 200 # 12 - 528 CONJUNTO EL OLYMPO CONDOMINIO,FLORIDABLANCA,SANTANDER,https://www.datos.gov.co/Estad-sticas-Nacionales/SECOP-II-Proveedores-Registrados/qmzu-gj57,true
900518834-5,ROMER SERVICES S.A.S.,,,,,,Bucaramanga,SANTANDER,,false
900519064-5,PROFESIONALES EN CONSTRUCCION PROENCO S.A.S,,,,,,Bucaramanga,SANTANDER,,false
900519338-8,OA INGENIERIA SAS,,,,,,Bucaramanga,SANTANDER,,false
900521006-4,CONSTRU GAIA S.A.S,,,,,,Bucaramanga,SANTANDER,,false
900521689-4,ECOSAM SAS,,servicioalcliente@ecosamsas.com,,,,Bucaramanga,SANTANDER,https://www.datos.gov.co/Estad-sticas-Nacionales/SECOP-II-Proveedores-Registrados/qmzu-gj57,true
900522918-0,"SERVICIOS, INGENIERIA Y SOLUCIONES S.A.S",,,,,,Bucaramanga,SANTANDER,,false
900524417-1,G.R.I. GESTION EN RESPONSABILIDAD INTEGRAL SAS,,,,,,Bucaramanga,SANTANDER,,false
900525359-7,"SERVICIOS DE CONSULTORiA, INGENIERiA AMBIENTAL Y SANITARIA SAS",GERENCIA@SIAMINGENIERIA.COM,johannamarcelaa@gmail.com,3204760332,,"KM 3 ViA PTA-BGA, PARCELACIoN MANZANARES LOTE 3, VILLA CECILIA",PIEDECUESTA,SANTANDER,https://www.datos.gov.co/Estad-sticas-Nacionales/SECOP-II-Proveedores-Registrados/qmzu-gj57,true
900527333-5,OPTIMA REDES ELECTRICAS S.A.S.,MANGEL7412@YAHOO.COM,mangel7412@gmail.com,3176545755,,AVENIDA BUCAROS #60-262TORRE DON CARLOS 202,BUCARAMANGA,SANTANDER,https://www.datos.gov.co/Estad-sticas-Nacionales/SECOP-II-Proveedores-Registrados/qmzu-gj57,true
900527364-3,QAQC SERVICES SAS (CONTROL DE CALIDAD Y SERVICIOS INDUSTRIALES DEL SECTOR DE HIDROCARBUROS),,,,,,Piedecuesta,SANTANDER,,false
900528747-5,INDUGACOL S.A.S.,,,,,,Bucaramanga,SANTANDER,,false
900533466-0,CONSTRUCCIONES MAGMA S.A.S.,,,,,,Bucaramanga,SANTANDER,,false
900534225-7,SEGIMA SAS,LIDERDEPROYECTOS@SEGIMA.COM.CO,gestorcomercial1@segima.com.co,6960601,WWW.SEGIMA.COM.CO,"CRA. 22C #35B-27, FLORIDABLANCA, SANTANDER",BUCARAMANGA,SANTANDER,https://www.datos.gov.co/Estad-sticas-Nacionales/SECOP-II-Proveedores-Registrados/qmzu-gj57,true
900536177-0,LCD INGENIERÍA ESTRUCTURAL S.A.S,,,,,,Bucaramanga,SANTANDER,,false
900536475-0,INTEGRA INGENEIRIA DE COLOMBIA SAS,INTEGRAINGENIERIADECOLOMBIASAS@GMAIL.COM,integraingenieriadecolombiasas@gmail.com,3005788594,,CALLE 42 NO. 7-91,FLORIDABLANCA,SANTANDER,https://www.datos.gov.co/Estad-sticas-Nacionales/SECOP-II-Proveedores-Registrados/qmzu-gj57,true
900537919-3,INGELECTRICA DEL ORIENTE SAS,,,,,,Bucaramanga,SANTANDER,,false
900538930-1,JOA PETROL COMPANY SAS,,,,,,Bucaramanga,SANTANDER,,false
900540780-8,WORKOVER & WIRELINE ENGINEERING S.A.S.,,,,,,Bucaramanga,SANTANDER,,false
900541497-2,FILTROS Y LUBRICANTES WILLY S.A.S.,,,,,,Bucaramanga,SANTANDER,,false
900544077-6,PEÑA DE SANTANDER S.A.S.,,,,,,Socorro,SANTANDER,,false
900544243-2,E.D. INGEOTECNIA SAS,,,,,,Floridablanca,SANTANDER,,false
900547317-2,"INGENIERIA, AUTOMATIZACION E INSTRUMENTACION S.A.S.",,,,,,Bucaramanga,SANTANDER,,false
900549921-0,FUERZA ELECTRICA S.A.S.,,administrador.global@fuerzaelectrica.co,,,,Bucaramanga,SANTANDER,https://www.datos.gov.co/Estad-sticas-Nacionales/SECOP-II-Proveedores-Registrados/qmzu-gj57,true
900550582-9,CASMOT INGENIERIA S.A.S,,edwin.quintero@outlook.com,,,,Bucaramanga,SANTANDER,https://www.datos.gov.co/Estad-sticas-Nacionales/SECOP-II-Proveedores-Registrados/qmzu-gj57,true
900556100-1,"ASESORIA GESTION E INGENIERIA AMBIENTAL, AGI AMBIENTAL S.A.S.",,,,,,Bucaramanga,SANTANDER,,false
900560745-5,COMUNICA TECNOLOGIAS SAS,ASISTENTE@COMUNICATEC.CO,comunicatecnologias@gmail.com,3123740878,,KM 2 AUT ANILLO VIAL FLORIDABLANCA GIRON ED 2 OF 223,FLORIDABLANCA,SANTANDER,https://www.datos.gov.co/Estad-sticas-Nacionales/SECOP-II-Proveedores-Registrados/qmzu-gj57,true
900560824-9,CONDUCCION DE FLUIDOS REDES Y CONSTRUCCIONES OVIDIO CALA NIÑO SAS,SUBGERENTE@OVIDIOCALA-SAS.COM,subgerente@ovidiocala-sas.com,+576472828 EXT 201,WWW.OVIDIOCALA-SAS.COM,CARRERA 31 # 35 - 12 OFICINA 405,BUCARAMANGA,SANTANDER,https://www.datos.gov.co/Estad-sticas-Nacionales/SECOP-II-Proveedores-Registrados/qmzu-gj57,true
900561018-3,RAPIGAS J.Q. S.A.S.,,,,,,Piedecuesta,SANTANDER,,false
900561787-9,SERPRORIENTE S.A.S.,,,,,,Bucaramanga,SANTANDER,,false
900564751-8,J TECNO ELECTRICOS SAS,,,,,,Piedecuesta,SANTANDER,,false
900570992-0,GENERCOM SAS,INFO@GENERCOM.CO,info@genercom.co,3015546801,,DIAGONAL 54 # 50-24 LOS CEDROS,BUCARAMANGA,SANTANDER,https://www.datos.gov.co/Estad-sticas-Nacionales/SECOP-II-Proveedores-Registrados/qmzu-gj57,true
900572636-2,INTEROBRAS DE SANTANDER S.A.S,INTEROBRASDESANTANDER@GMAIL.COM,interobrasdesantander@gmail.com,3123892768,WWW.INTEROBRASDESANTANDER.COM,CRA 25 31 - 04 LOCAL 2 Y 3,BUCARAMANGA,SANTANDER,https://www.datos.gov.co/Estad-sticas-Nacionales/SECOP-II-Proveedores-Registrados/qmzu-gj57,true
900573151-7,ECO SOLUCIONES INTERNACIONALES S.A.S.,,,,,,Floridablanca,SANTANDER,,false
900585615-4,DERECHO URBANO Y DESARROLLO TERRITORIAL CONSULTORES SAS,,,,,,Bucaramanga,SANTANDER,,false
900586209-1,ANSOELEC INGENIERIA S.A.S,,,,,,San Gil,SANTANDER,,false
900594023-2,ADDED POSSESSIO S.A.S.,,,,,,Floridablanca,SANTANDER,,false
900595024-4,"INNVENTECH - INNOVATION, ENGINEERING & TECHNOLOGY - S.A.S.",,,,,,Floridablanca,SANTANDER,,false
900596387-7,CONSTRUCCIONES Y PROYECTOS AS SAS,,,,,,Floridablanca,SANTANDER,,false
900598317-0,DOCP INGENIERIAS SAS,DOCPGERENCIA@GMAIL.COM,docpgerencia@gmail.com,3042661563,WWW.DOCP.COM.CO,CRA 6 N 30 02 GIRARDOT,BUCARAMANGA,SANTANDER,https://www.datos.gov.co/Estad-sticas-Nacionales/SECOP-II-Proveedores-Registrados/qmzu-gj57,true
900599510-0,INSTALACIONES ELECTRICAS Y REDES B&V E.U.,,,,,,Bucaramanga,SANTANDER,,false
900600863-9,SACARVA 2000 CONSTRUCCIONES S.A.S.,,,,,,Bucaramanga,SANTANDER,,false
900605150-9,CONSULTORIAS ASISTENSIAS Y SOLUCIONES GEOLOGICAS,ALDEMARCM@GMAIL.COM,aldemarcm@gmail.com,3123664569,,SAN TELMO 1 MANZANA K  CASA 8 PIEDECUESTA SANTANDER COLOMBIA,BOGOTa,DISTRITO CAPITAL DE BOGOTa,https://www.datos.gov.co/Estad-sticas-Nacionales/SECOP-II-Proveedores-Registrados/qmzu-gj57,true
900607236-2,DINCRO CI S.A.S.,,,,,,Bucaramanga,SANTANDER,,false
900607342-5,MANUEL JOSE ORTIZ RANGEL S.A.S.,,majortiz@gmail.com,,,,Bucaramanga,SANTANDER,https://www.datos.gov.co/Estad-sticas-Nacionales/SECOP-II-Proveedores-Registrados/qmzu-gj57,true
900609011-1,"INGENIERIA, PROYECTOS Y MANTENIMIENTOS INDUSTRIALES S.A.S.",,,,,,Bucaramanga,SANTANDER,,false
900612226-9,DISEÑO Y AUTOMATIZACION INDUSTRIAL S.A.S.,,,,,,Bucaramanga,SANTANDER,,false
900618699-6,"SOLUCIONES DE INGENIERiA, TOPOGRAFiA, CONSTRUCCIONES Y EQUIPOS S.A.S",,licitacionestopoconstrucciones@outlook.com,,,,Bucaramanga,SANTANDER,https://www.datos.gov.co/Estad-sticas-Nacionales/SECOP-II-Proveedores-Registrados/qmzu-gj57,true
900628685-6,FALCON RIGS COLOMBIA SAS,,,,,,Bucaramanga,SANTANDER,,false
900629955-4,GRUPO EMPRESARIAL HERTZ,,grupohertz@gmail.com,,,,San Gil,SANTANDER,https://www.datos.gov.co/Estad-sticas-Nacionales/SECOP-II-Proveedores-Registrados/qmzu-gj57,true
900630132-1,CONSTRUCTORA E INMOBILIARIA HABITA COLOMBIA SAS,,constructorahabitatsas@gmail.com,,,,San Gil,SANTANDER,https://www.datos.gov.co/Estad-sticas-Nacionales/SECOP-II-Proveedores-Registrados/qmzu-gj57,true
900632661-5,MAZ DISTRIBUCIONES S.A.S.,,,,,,Bucaramanga,SANTANDER,,false
900634152-7,EXPLORACION GREENFIELD & BROWNFIELD S.A.S.,,,,,,Bucaramanga,SANTANDER,,false
900639535-7,GEOTECHNE S.A.S.,,,,,,Floridablanca,SANTANDER,,false
900643944-1,AUDITORIA E INTERVENTORIA SAS,AICOSSAS@GMAIL.COM,AICOSSAS@GMAIL.COM,3167438108,,CLL 46 # 23 - 124 BRR POBLADO,GIRoN,SANTANDER,https://www.datos.gov.co/Estad-sticas-Nacionales/SECOP-II-Proveedores-Registrados/qmzu-gj57,true
900646688-4,VHM ELECTRICOS Y COMUNICACIONES S.A.S.,,,,,,Piedecuesta,SANTANDER,,false
900648934-0,EMPRESA DE SERVICIOS PUBLICOS DE SANTANDER S.A E.S.P,,,,,,Bucaramanga,SANTANDER,,false
900650379-9,CONSTRUCCIONES SERVI ELECTRICOS S.A.S.,,,,,,Piedecuesta,SANTANDER,,false
900654123-9,INSTALACION DE REDES ELECTRICAS TOLOSA S.A.S.,,,,,,Floridablanca,SANTANDER,,false
900654985-0,CENTRO DE SOLUCIONES ELECTRONICAS S.A.S.,,,,,,Piedecuesta,SANTANDER,,false
900656180-8,INSTALACIONES ELECTRICAS OCHOA SAS,,,,,,Floridablanca,SANTANDER,,false
900656622-1,ISA S.A.S INGENIERIA Y SERVICIO DE AUTOMATIZACION ELECTRICA S.A.S,,,,,,Floridablanca,SANTANDER,,false
900657923-8,ASSISTPRO S.A.S.,GERENCIA@ASSISTPRO.COM.CO,gerencia@assistpro.com.co,3004581774,HTTPS://WWW.ASSISTPRO.COM.CO/,CALLE19#32D-24,BUCARAMANGA,SANTANDER,https://www.datos.gov.co/Estad-sticas-Nacionales/SECOP-II-Proveedores-Registrados/qmzu-gj57,true
900659337-0,GRG ELECTRICOS S.A.S.,,,,,,Bucaramanga,SANTANDER,,false
900662614-7,SERVICIO DE GAS AL CLIENTE GASERVIR S.A.S.,,,,,,Giron,SANTANDER,,false
900664359-2,SERVICIOS ESPECIALIZADOS E INGENIERIA DE DESARROLLO S.A.S.,,,,,,Bucaramanga,SANTANDER,,false
900665534-1,AUTIND COMPANY S.A.S.,,,,,,Bucaramanga,SANTANDER,,false
900665704-5,POLYGON ENERGY S.A.S.,,,,,,Bucaramanga,SANTANDER,,false
900666132-7,OBRAS Y MANTENIMIENTO DE COLOMBIA S.A.S.,,,,,,Bucaramanga,SANTANDER,,false
900666923-6,SEC SERVICIOS ELECTRICOS Y DE COMUNICACIONES SAS,WILSONDARIOSECSASADMI1973@GMAIL.COM,wilsonfon1616@hotmail.com,3138895800,,CALLE 102  BULEVAR FONTANA 26 FONTANA REAL,BUCARAMANGA,SANTANDER,https://www.datos.gov.co/Estad-sticas-Nacionales/SECOP-II-Proveedores-Registrados/qmzu-gj57,true
900668973-3,INVERSIONES RUEDA GARCIA S.A.S.,,,,,,San Gil,SANTANDER,,false
900670112-5,RODRIGUEZ MUÑOZ OIL S.A.S,,,,,,Floridablanca,SANTANDER,,false
900671208-8,IRECOM SAS,,,,,,Bucaramanga,SANTANDER,,false
900671294-1,CONSULTORÍA MINERA ESPECIALIZADA CME S.A.S. SOCIEDAD BIC,,,,,,Bucaramanga,SANTANDER,,false
900672162-2,CICPRO SAS,,,,,,Bucaramanga,SANTANDER,,false
900677425-7,P&S INGENIERIA Y SERVICIOS S.A.S.,,,,,,Bucaramanga,SANTANDER,,false
900679318-6,SANTEX INGENIERIA S.A.S,,,,,,Bucaramanga,SANTANDER,,false
900679674-3,EMINCOL SAS,INFO@EMINCOL.COM,info@emincol.com,3105515510,WWW.EMINCOL.COM,CARRERA 39 # 42 - 28,BUCARAMANGA,SANTANDER,https://www.datos.gov.co/Estad-sticas-Nacionales/SECOP-II-Proveedores-Registrados/qmzu-gj57,true
900682105-5,MAPAS Y SISTEMAS S.A.S.,,administracion@mapsis.co,,WWW.MAPSIS.CO,,Bucaramanga,SANTANDER,https://www.datos.gov.co/Estad-sticas-Nacionales/SECOP-II-Proveedores-Registrados/qmzu-gj57,true
900682571-4,BIOCOMBUSTIBLES DE COLOMBIA Y SANTANDER SAS,,gerencia@biocolder.com,,WWW.BIOCOLDER.COM,,Bucaramanga,SANTANDER,https://www.datos.gov.co/Estad-sticas-Nacionales/SECOP-II-Proveedores-Registrados/qmzu-gj57,true
900683861-1,ITAF SAS,ITAFSAS@GMAIL.COM,yuliethbonillad@gmail.com,6305338,,CALLE 36 13 51 OF 404,BUCARAMANGA,SANTANDER,https://www.datos.gov.co/Estad-sticas-Nacionales/SECOP-II-Proveedores-Registrados/qmzu-gj57,true
900685769-9,SERVIELECTRICOS ATL SAS,,,,,,Piedecuesta,SANTANDER,,false
900688249-4,CONSTRUCCIONES CHIA R. S.A.S.,,,,,,Piedecuesta,SANTANDER,,false
900689340-1,TELLEZ PROYECTOS S.A.S,JAIMETELLEZ.PROYECTOS@HOTMAIL.COM,arqjaimetellez@gmail.com,6843080,,CARRERA 9 # 60 - 02 ENTRADA 11 LOCAL 103 CONJUNTO PLAZA  MAYOR BARRIO CIUDADELA REAL DE MINAS,BUCARAMANGA,SANTANDER,https://www.datos.gov.co/Estad-sticas-Nacionales/SECOP-II-Proveedores-Registrados/qmzu-gj57,true
900690085-1,S.C. SOLUCIONES ELECTRICAS Y MAS SAS,,,,,,Piedecuesta,SANTANDER,,false
900690318-0,PRIVILEGIO 1428 SAS,GERENCIAPRIVILEGIO1428@GMAIL.COM,gerenciaprivilegio1428@gmail.com,3214513354,,CALLE 41 # 27 - 63 OFICINA 701 CENTRO EMPRESARIAL O 41,BUCARAMANGA,SANTANDER,https://www.datos.gov.co/Estad-sticas-Nacionales/SECOP-II-Proveedores-Registrados/qmzu-gj57,true
900690789-6,CONSTRUCTORA OSMA LLANES S.A.S.,,,,,,Bucaramanga,SANTANDER,,false
900690831-8,TIELEC INGENIERIA S.A.S.,,,,,,Bucaramanga,SANTANDER,,false
900692440-0,ENIMAQ S.A.S,,,,,,Bucaramanga,SANTANDER,,false
900694387-7,ACONFRIOS SAS,,gerencia@aconfrios.com,,WWW.ACONFRIOS.COM,,Bucaramanga,SANTANDER,https://www.datos.gov.co/Estad-sticas-Nacionales/SECOP-II-Proveedores-Registrados/qmzu-gj57,true
900694970-1,INGENIERIA SUPERVISION TECNICA E INTERVENTORIA S.A.S,,licitacionesinsut@gmail.com,,,,Bucaramanga,SANTANDER,https://www.datos.gov.co/Estad-sticas-Nacionales/SECOP-II-Proveedores-Registrados/qmzu-gj57,true
900696332-1,EVOLUCION AMBIENTAL CONSULTORES S.A.S.,,,,,,Bucaramanga,SANTANDER,,false
900697595-6,PRODUCTORA DE LUBRICANTES Y GRASAS DE SANTANDER S.A.S.,,,,,,Bucaramanga,SANTANDER,,false
900700833-7,MARE INGENIERIA S.A.S,GERENCIA.MAREINGENIERIA@GMAIL.COM,gerencia.mareingenieria@gmail.com,6707952,,CR 20 34 47 OF 102 ED GUALANDAY,BUCARAMANGA,SANTANDER,https://www.datos.gov.co/Estad-sticas-Nacionales/SECOP-II-Proveedores-Registrados/qmzu-gj57,true
900702687-7,ECOPROFESIONALES S.A.S.,,,,,,Floridablanca,SANTANDER,,false
900703337-9,INGENIERIA TOPOCAT SAS,,,,,,Floridablanca,SANTANDER,,false
900706403-0,DH CONSTRUCTORA S.A.S.,,,,,,Floridablanca,SANTANDER,,false
900706883-2,CIIO INGENIERIA SAS,,contabilidad@ciioingenieria.com,,,,Bucaramanga,SANTANDER,https://www.datos.gov.co/Estad-sticas-Nacionales/SECOP-II-Proveedores-Registrados/qmzu-gj57,true
900707217-1,GASOIL SERVICES S.A.S E.S.P,TESORERIA@GASOILESP.COM,proyectos@gasoilesp.com,3104781250,,CR 23 36 33,BUCARAMANGA,SANTANDER,https://www.datos.gov.co/Estad-sticas-Nacionales/SECOP-II-Proveedores-Registrados/qmzu-gj57,true
900708635-1,OXIGENOS INDUSTRIALES Y MEDICINALES DE SANTANDER S.A.S,,,,,,Bucaramanga,SANTANDER,,false
900710338-5,UNIOIL S.A.S,,,,,,Bucaramanga,SANTANDER,,false
900712236-1,LABORATORIO BACTERIOLoGICO DE ALIMENTOS LABALIME S.A.S.,,labalime@hotmail.com,,,,Bucaramanga,SANTANDER,https://www.datos.gov.co/Estad-sticas-Nacionales/SECOP-II-Proveedores-Registrados/qmzu-gj57,true
900713031-3,CONSTRUCCIONES DISEÑOS E INTERVENTORIAS DE OBRAS CIVILES SAS,,CONSTRUAR7@GMAIL.COM,,,,Bucaramanga,SANTANDER,https://www.datos.gov.co/Estad-sticas-Nacionales/SECOP-II-Proveedores-Registrados/qmzu-gj57,true
900713854-8,A.B CIVITOP S.A.S.,,,,,,Bucaramanga,SANTANDER,,false
900717263-3,PROYECTO S.E.C.O.P S.A.S.,,,,,,Bucaramanga,SANTANDER,,false
900718148-9,SOLVOJ GRUPPO SAS,,farydduran@yahoo.com,,,,Bucaramanga,SANTANDER,https://www.datos.gov.co/Estad-sticas-Nacionales/SECOP-II-Proveedores-Registrados/qmzu-gj57,true
900719750-8,CERCAS ELECTRICAS MAX POWER S.A.S,,,,,,Velez,SANTANDER,,false
900720430-8,BIOCORE,CAROLROJAS79@GMAIL.COM,carolrojas79@gmail.com,6365896,,CARRERA 33 NO. 74-50 PISO 2,Bucaramanga,SANTANDER,https://www.datos.gov.co/Estad-sticas-Nacionales/SECOP-II-Proveedores-Registrados/qmzu-gj57,true
900723292-1,LAURENTINO CELIS MARQUEZ S.A.S.,,,,,,Bucaramanga,SANTANDER,,false
900724119-1,GRUPO EMPRESARIAL Y COMERCIAL DEL ORIENTE S.A.S.,,,,,,Bucaramanga,SANTANDER,,false
900728650-8,DELTALUNA S.A.S.,,,,,,Floridablanca,SANTANDER,,false
900730930-1,CENTRO DE DIAGNOSTICO AUTOMOTRIZ DE LA PROVINCIA S.A.S.,,cdadelaprovincia@gmail.com,,,,Malaga,SANTANDER,https://www.datos.gov.co/Estad-sticas-Nacionales/SECOP-II-Proveedores-Registrados/qmzu-gj57,true
900732563-0,CPMX S.A.S,,,,,,Bucaramanga,SANTANDER,,false
900734622-6,PROYEX INGENIERIA S.A.S.,PROYEXDEINGENIERIA@GMAIL.COM,proyexdeingenieria@gmail.com,3173792182,,CALLE 36 # 12-19,BUCARAMANGA,SANTANDER,https://www.datos.gov.co/Estad-sticas-Nacionales/SECOP-II-Proveedores-Registrados/qmzu-gj57,true
900734797-6,ECOFULL,ECOFULLCOLOMBIA@GMAIL.COM,ecofullcolombia@gmail.com,6511258,,CRA 21 # 56-18,BUCARAMANGA,SANTANDER,https://www.datos.gov.co/Estad-sticas-Nacionales/SECOP-II-Proveedores-Registrados/qmzu-gj57,true
900736218-2,H&M BIOENERGIA S.A.S,,,,,,Bucaramanga,SANTANDER,,false
900736543-1,OPERACIONES ELECTRICAS Y CIVILES OPEL S A S,,,,,,Piedecuesta,SANTANDER,,false
900738636-7,"ESGA CONSULTORiA, INTERVENTORiA E INGENIERIA AMBIENTAL SAS",,egalvisg@gmail.com,,,,Piedecuesta,SANTANDER,https://www.datos.gov.co/Estad-sticas-Nacionales/SECOP-II-Proveedores-Registrados/qmzu-gj57,true
900740885-0,SERVICIOS DE INGENIERIA SEPECOL SAS,CONTABILIDAD@SPCOL.COM.CO,asistente@spcol.com.co,3177478036,HTTPS://SPCOL.COM.CO/,CALLE 34# 22-46 APTO 1803 TORRE2,BUCARAMANGA,SANTANDER,https://www.datos.gov.co/Estad-sticas-Nacionales/SECOP-II-Proveedores-Registrados/qmzu-gj57,true
900741463-0,MATISES INGENIERIA SAS,,,,,,Giron,SANTANDER,,false
900742999-0,GESTIoN E INNOVACIoN DEL TRaNSITO Y TRANSPORTE S.A.S,,gitytsas@gmail.com,,WWW.GITYT.COM,,Bucaramanga,SANTANDER,https://www.datos.gov.co/Estad-sticas-Nacionales/SECOP-II-Proveedores-Registrados/qmzu-gj57,true
900743871-1,GRUPO EMPRESARIAL DURAN S.A.S,,,,,,Piedecuesta,SANTANDER,,false
900745995-5,ELECTRICOS VEGA GONZALEZ SAS,,,,,,Bucaramanga,SANTANDER,,false
900746303-3,FALMEC SAS,,,,,,Bucaramanga,SANTANDER,,false
900747700-9,DISTRIFULL SERVICE SAS,,operaciones.distrifull@gmail.com,,,,Giron,SANTANDER,https://www.datos.gov.co/Estad-sticas-Nacionales/SECOP-II-Proveedores-Registrados/qmzu-gj57,true
900748300-0,"CONSULTORA, INGENIERIA & PROYECTOS MARTINEZ RONCANCIO  S.A.S.",GERENCIA@CMRINGENIERIA.COM,direccionadministrativa@cmringenieria.com,3187903167,,CARRERA 21 # 65 - 22,BUCARAMANGA,SANTANDER,https://www.datos.gov.co/Estad-sticas-Nacionales/SECOP-II-Proveedores-Registrados/qmzu-gj57,true
900748660-7,SERVICIOS Y PRODUCTOS PARA INSTALACIONES Y MANTENIMIENTOS SAS,,,,,,Bucaramanga,SANTANDER,,false
900753631-3,"CONSULTORIA, INTERVENTORIA Y PROYECTOS C.I.P. S.A.S",,,,,,Piedecuesta,SANTANDER,,false
900753938-9,A.J. DISEÑO E INTERVENTORIA DE OBRAS CIVILES S.A.S,AJDISENO.LICITACIONES@GMAIL.COM,ajdiseno.licitaciones@gmail.com,3162790804,,CALLE 104 B # 15 A - 11 BARRIO DELICIAS ALTAS,BUCARAMANGA,SANTANDER,https://www.datos.gov.co/Estad-sticas-Nacionales/SECOP-II-Proveedores-Registrados/qmzu-gj57,true
900754520-9,DISTRIGAS ARIZA CRISTANCHO S.A.S.,,,,,,Giron,SANTANDER,,false
900759077-1,GL SOLUCIONES ELECRICAS,,secop2@glground.co,,HTTPS://WWW.GLGROUND.CO/,,Bucaramanga,SANTANDER,https://www.datos.gov.co/Estad-sticas-Nacionales/SECOP-II-Proveedores-Registrados/qmzu-gj57,true
900759724-7,SAD INGENIERIA S.A.S.,,,,,,Floridablanca,SANTANDER,,false
900760938-8,CIUDAM S.A.S.,,,,,,Floridablanca,SANTANDER,,false
900761171-0,INGENIERIA CARVAJAL SUAREZ S.A.S.,,,,,,Floridablanca,SANTANDER,,false
900761207-7,L.S.J INGENIERIA S.A.S.,,,,,,Floridablanca,SANTANDER,,false
900763045-1,ARTAK CONSTRUCCIONES SAS,ARTAKCONSTRUCCIONES.SAS@GMAIL.COM,artakconstrucciones.sas@gmail.com,3102957715,,CALLE 38 # 18 - 78,BUCARAMANGA,SANTANDER,https://www.datos.gov.co/Estad-sticas-Nacionales/SECOP-II-Proveedores-Registrados/qmzu-gj57,true
900767091-7,INGESERS S.A.S,,,,,,Bucaramanga,SANTANDER,,false
900770679-8,PROTOSTAR SAS,,,,,,Giron,SANTANDER,,false
900771145-1,REDELECTRA INGENIERIA S.A.S,,administracion@redelectra.com.co,,,,Floridablanca,SANTANDER,https://www.datos.gov.co/Estad-sticas-Nacionales/SECOP-II-Proveedores-Registrados/qmzu-gj57,true
900773024-8,CONSTRUELECTRIC J.Q. S.A.S.,,,,,,San Gil,SANTANDER,,false
900773426-5,CIVITEK INGENIERIA SAS,,,,,,Bucaramanga,SANTANDER,,false
900778462-3,ELECTRO NIÑO ANGARITA S.A.S.,,,,,,Bucaramanga,SANTANDER,,false
900778602-8,PRESUPUESTOS Y CONSULTORIAS S.A.S.,,,,,,Matanza,SANTANDER,,false
900780282-0,TIEL INGENIERIA S.A.S.,,,,,,Bucaramanga,SANTANDER,,false
900780398-6,PHVA ASESORIAS Y SERVICIOS S.A.S.,,,,,,Giron,SANTANDER,,false
900782135-5,CGC INGENIERIA ESTRUCTURAL S.A.S.,,,,,,Bucaramanga,SANTANDER,,false
900784018-0,ONAR SAS,,,,,,Bucaramanga,SANTANDER,,false
900784491-1,ALEXIS VEGA INGENIEROS S.A.S,,,,,,Bucaramanga,SANTANDER,,false
900784846-2,CACERES MENDEZ CONSULTORIA E INGENIERIA SAS-CMCI SAS,,,,,,Bucaramanga,SANTANDER,,false
900789326-7,CDA MOTOS DE LA CUESTA S.A.S.,,,,,,Piedecuesta,SANTANDER,,false
900790447-1,FERNEX S.A.S.,,,,,,Bucaramanga,SANTANDER,,false
900792319-6,"SISTEMAS TELEFONICOS, ELECTRICOS, TELECOMUNICACIONES Y CIVILES SAS",,,,,,Bucaramanga,SANTANDER,,false
900798436-7,EPC SERVICES S.A.S E.S.P.,,,,,,Bucaramanga,SANTANDER,,false
900800818-5,INVERSIONES ADES SOCIEDAD POR ACCIONES SIMPLIFICADA,,,,,,Bucaramanga,SANTANDER,,false
900803291-8,C&F,CONSTRUCTORACYFASOCIADOS@GMAIL.COM,constructoracyfasociados@gmail.com,3222200386,,"AV. 16E #16BE-34, BARRIO SANTA HELENA",CuCUTA,NORTE DE SANTANDER,https://www.datos.gov.co/Estad-sticas-Nacionales/SECOP-II-Proveedores-Registrados/qmzu-gj57,true
900806216-9,ITASAB S.A.S.,,,,,,Giron,SANTANDER,,false
900807891-5,HGA INGENIEROS SAS,GERENCIA@HGAINGENIEROS.COM,secop2hga@hotmail.com,3165386563,WWW.HGAINGENIEROS.COM,TRANSVERSAL 6 C # 109 - 04 MANZANA F,BUCARAMANGA,SANTANDER,https://www.datos.gov.co/Estad-sticas-Nacionales/SECOP-II-Proveedores-Registrados/qmzu-gj57,true
900808499-5,PI S.A.S. LABORATORIO,,licitacioneslabpisas@gmail.com,,,,Piedecuesta,SANTANDER,https://www.datos.gov.co/Estad-sticas-Nacionales/SECOP-II-Proveedores-Registrados/qmzu-gj57,true
900808763-5,ARMASIL DISTRIBUCIONES S.A.S,,,,,,Floridablanca,SANTANDER,,false
900810018-2,COMERCIALIZADORA FAMILIAR MARIA CAROLINA S.A.S.,,,,,,Bucaramanga,SANTANDER,,false
900810215-7,GEENGI SOLUTIONS S.A.S.,,,,,,Floridablanca,SANTANDER,,false
900810281-3,MELGROUP SAS,,,,,,Bucaramanga,SANTANDER,,false
900810941-6,RANIZA S.A.S,,,,,,Bucaramanga,SANTANDER,,false
900812781-3,SERVICIOS DE SUMINISTROS AP SERVISAP S.A.S.,,,,,,Hato,SANTANDER,,false
900812939-1,ISENACOL S.A.S,,isenacol@gmail.com,,HTTP://ISENACOL.COM.CO/,,Floridablanca,SANTANDER,https://www.datos.gov.co/Estad-sticas-Nacionales/SECOP-II-Proveedores-Registrados/qmzu-gj57,true
900813891-1,GRUPO RC ARQUITECTURA SAS,,,,,,Socorro,SANTANDER,,false
900818361-0,SPI COLOMBIA S.A.S,CONTACTO@SPICOL.COM,felix.escalante@spicol.com,(7) 6754412,WWW.SPICOL.COM,AVENIDA ALTOS DEL JARDiN CARRERA 42 CASA 12,BUCARAMANGA,SANTANDER,https://www.datos.gov.co/Estad-sticas-Nacionales/SECOP-II-Proveedores-Registrados/qmzu-gj57,true
900818412-8,SIMOA S.A.S,,,,,,Bucaramanga,SANTANDER,,false
900823271-6,TARGET ZERO CORPORATION SAS,,,,,,Bucaramanga,SANTANDER,,false
900823658-2,GENSSA SAS,AGUAYSAN@GMAIL.COM,aguaysan@gmail.com,3043753043,,CL 47 # 22-22 P2,BUCARAMANGA,SANTANDER,https://www.datos.gov.co/Estad-sticas-Nacionales/SECOP-II-Proveedores-Registrados/qmzu-gj57,true
900824846-5,DICORE INGENIERIA S.A.S,,,,,,Giron,SANTANDER,,false
900827014-8,MCA INGENIERIA S.A.S.,,,,,,Giron,SANTANDER,,false
900827935-6,EDS TANGANYICA S.A.S.,,AUXADMINISTRATIVA@EDSBUCAROS.COM,,,,Piedecuesta,SANTANDER,https://www.datos.gov.co/Estad-sticas-Nacionales/SECOP-II-Proveedores-Registrados/qmzu-gj57,true
900829660-5,MANTENIMIENTO TECNITODO P.H. S.A.S.,,,,,,Bucaramanga,SANTANDER,,false
900829682-7,COMERCIALIZADORA INTERNACIONAL COVOLCO ENERGY SOCIEDAD POR ACCIONES SIMPLIFICADA,,,,,,Bucaramanga,SANTANDER,,false
900829810-3,IRIDIUM INGENIERIA DE PROYECTOS S.A.S.,,,,,,Bucaramanga,SANTANDER,,false
900829861-9,T3K S.A.S.,,,,,,Bucaramanga,SANTANDER,,false
900832679-5,BUSTER INGENIERiA S.A.S.,MANUEL.DIAZ@BUSTERINGENIERIA.COM,manuel.diaz@busteringenieria.com,3163703857,WWW.BUSTERINGENIERIA.COM,CALLE 16 # 15 - 65,BUCARAMANGA,SANTANDER,https://www.datos.gov.co/Estad-sticas-Nacionales/SECOP-II-Proveedores-Registrados/qmzu-gj57,true
900835616-5,SERVICIO DE LAVADO INDUSTRIAL Y AUTOMOTOR DE CARGA PESADA S.A.S.,,,,,,Bucaramanga,SANTANDER,,false
900836737-2,GEODESIGN SAS,AVERA@GEODESIGN.COM.CO,avera@geodesign.com.co,3203165659,WWW.GEODESIGN.COM.CO,CALLE 119 NO 28-13,FLORIDABLANCA,SANTANDER,https://www.datos.gov.co/Estad-sticas-Nacionales/SECOP-II-Proveedores-Registrados/qmzu-gj57,true
900843639-8,SERVICIOS DE INGENIERIA AVANZADA DE COLOMBIA S.A.S.,,,,,,Bucaramanga,SANTANDER,,false
900843743-6,P.I. PROYECTAMOS E INGENIERIA S.A.S.,,,,,,Bucaramanga,SANTANDER,,false
900843919-5,TERRCON S.A.S,,,,,,Bucaramanga,SANTANDER,,false
900848208-1,KRONOS INGENIERIA SAS,,kronosingenieriasas@hotmail.com,,,,Bucaramanga,SANTANDER,https://www.datos.gov.co/Estad-sticas-Nacionales/SECOP-II-Proveedores-Registrados/qmzu-gj57,true
900850813-2,INGENIO SAS,INGENIOSAS2026@GMAIL.COM,ingeniosas2026@gmail.com,6076193538,,CARRERA 26 # 37-32,BUCARAMANGA,SANTANDER,https://www.datos.gov.co/Estad-sticas-Nacionales/SECOP-II-Proveedores-Registrados/qmzu-gj57,true
900853402-2,COMERCIALIZADORA Y CONSTRUCTORA REYES SAS,REYESGERENALUISENRIQUE@YAHOO.COM,REYESGERENALUISENRIQUE@YAHOO.COM,3143352240,,CALLE 6 N° 7 - 92,PUENTE NACIONAL,SANTANDER,https://www.datos.gov.co/Estad-sticas-Nacionales/SECOP-II-Proveedores-Registrados/qmzu-gj57,true
900854459-6,GAM INGENIERIA SAS,GAMINGENIERIA@HOTMAIL.COM,gamingenieria@hotmail.com,6941314,,CALLE 41 11-05,BUCARAMANGA,SANTANDER,https://www.datos.gov.co/Estad-sticas-Nacionales/SECOP-II-Proveedores-Registrados/qmzu-gj57,true
900859296-5,MELO Y ALVAREZ INGENIERIA SAS,,lcluna@meloyalvarez.com,,,,Bucaramanga,SANTANDER,https://www.datos.gov.co/Estad-sticas-Nacionales/SECOP-II-Proveedores-Registrados/qmzu-gj57,true
900860242-1,LUBRIGOMEZ SAS,,,,,,Bucaramanga,SANTANDER,,false
900862061-2,INGEMEQ SAS,,gestion.comercial@ingemeq.com,,WWW.INGEMEQ.COM,,Bucaramanga,SANTANDER,https://www.datos.gov.co/Estad-sticas-Nacionales/SECOP-II-Proveedores-Registrados/qmzu-gj57,true
900862952-1,URBEBIEN CONSTRUCTORES S.A.S.,,,,,,Bucaramanga,SANTANDER,,false
900863970-7,CIP CONSULTORIA E INGENIERIA DE PROYECTOS SAS,GERENCIACIP_INGENIERIA@OUTLOOK.COM,gerenciacip_ingenieria@outlook.com,3028461668,,AV SAMANES 9 LCC 229 CC ACROPOLIS,BUCARAMANGA,SANTANDER,https://www.datos.gov.co/Estad-sticas-Nacionales/SECOP-II-Proveedores-Registrados/qmzu-gj57,true
900865147-0,ENERGiAS VERDES DE COLOMBIA S.A.S.,ENERGIASVERDESDECOLOMBIASAS@GMAIL.COM,energiasverdesdecolombiasas@gmail.com,3203969683,,CARRERA 17 NO 67-95 OFICINA 103 BARRIO LA VICTORIA,BUCARAMANGA,SANTANDER,https://www.datos.gov.co/Estad-sticas-Nacionales/SECOP-II-Proveedores-Registrados/qmzu-gj57,true
900866313-1,SAMATCRO SAS,,samatcro@gmail.com,,WWW.SAMATCRO.COM,,Bucaramanga,SANTANDER,https://www.datos.gov.co/Estad-sticas-Nacionales/SECOP-II-Proveedores-Registrados/qmzu-gj57,true
900867088-3,CONTROL SEGURIDAD Y REDES S.A.S,CONTROLSEGURIDADYREDES@GMAIL.COM,controlseguridadyredes@gmail.com,3105831997,,CR  14   13   19 BRR GAITAN,BUCARAMANGA,SANTANDER,https://www.datos.gov.co/Estad-sticas-Nacionales/SECOP-II-Proveedores-Registrados/qmzu-gj57,true
900867623-4,CITIESLAB COLOMBIA,,jpastor@fmetropoli.org,,,,Floridablanca,SANTANDER,https://www.datos.gov.co/Estad-sticas-Nacionales/SECOP-II-Proveedores-Registrados/qmzu-gj57,true
900867773-0,INPROENERGIA SAS,,jgcadena@inproenergia.com.co,,WWW.INPROENERGIA.COM.CO,,San Gil,SANTANDER,https://www.datos.gov.co/Estad-sticas-Nacionales/SECOP-II-Proveedores-Registrados/qmzu-gj57,true
900868590-4,SERVICIOS ELECTRICOS JM S.A.S.,,,,,,Bucaramanga,SANTANDER,,false
900869538-5,INGENIERIA DE VIAS Y OBRAS CIVILES S.A.S.,,ingeviasoc@gmail.com,,,,Floridablanca,SANTANDER,https://www.datos.gov.co/Estad-sticas-Nacionales/SECOP-II-Proveedores-Registrados/qmzu-gj57,true
900869691-4,MAPOL OBRAS & INGENIERIA S.A.S.,,,,,,Floridablanca,SANTANDER,,false
900870492-7,FUSION CORP SAS,,INFO@CDALA27.COM,,,,Bucaramanga,SANTANDER,https://www.datos.gov.co/Estad-sticas-Nacionales/SECOP-II-Proveedores-Registrados/qmzu-gj57,true
900871668-0,BIOAGUA INGENIERIA Y CONTROL AMBIENTAL S.A.S,BIOAGUAINGENIERIASAS@GMAIL.COM,contratacionbioagua@gmail.com,3134624919,,CARRERA 11 N° 23 - 12,SAN GIL,SANTANDER,https://www.datos.gov.co/Estad-sticas-Nacionales/SECOP-II-Proveedores-Registrados/qmzu-gj57,true
900871881-3,EPP INGENIERIA S.A.S.,,,,,,Floridablanca,SANTANDER,,false
900872416-6,SERVICIOS DE INGENIERIA CONSULTORIAS E INTERVENTORIAS S.A.S.,INTERINGSAS@GMAIL.COM,interingsas@gmail.com,3223106517,,CARRERA 7 # 8 - 78 BARRIO SAN JORGE 1,LEBRiJA,SANTANDER,https://www.datos.gov.co/Estad-sticas-Nacionales/SECOP-II-Proveedores-Registrados/qmzu-gj57,true
900873268-7,CICOM INGENIEROS S.A.S.,GERENCIA@CICOMINGENIEROS.COM,donaldo1@hotmail.es,3176218058,,"CR 8 # 29 - 98, BODEGA 2",BUCARAMANGA,SANTANDER,https://www.datos.gov.co/Estad-sticas-Nacionales/SECOP-II-Proveedores-Registrados/qmzu-gj57,true
900873918-6,O.G.M.- INGENIERIA - PROYECTOS & CONSTRUCCIONES S.A.S,,,,,,Floridablanca,SANTANDER,,false
900877427-1,MAKRONET ING S.A.S.,GERENCIA@MAKRONET.COM.CO,gerencia@makronet.com.co,3114753030,,CALLE 73 # 53 - 61,BUCARAMANGA,SANTANDER,https://www.datos.gov.co/Estad-sticas-Nacionales/SECOP-II-Proveedores-Registrados/qmzu-gj57,true
900878137-3,SISTEMAS ELECTRICOS Y ELECTRONICOS DE COLOMBIA S.A.S.,,,,,,Floridablanca,SANTANDER,,false
900878889-3,INGENIERIA Y DESARROLLO EN CONSTRUCCION- INDECONSTRU S.A.S,,Indeconstru@gmail.com,,,,Floridablanca,SANTANDER,https://www.datos.gov.co/Estad-sticas-Nacionales/SECOP-II-Proveedores-Registrados/qmzu-gj57,true
900878927-5,JCJG INGENIERIA SAS,JCJGINGENIERIASAS@GMAIL.COM,jcjgingenieriasas@gmail.com,607 679 3486,,CARRERA 15 NO. 3 AN - 10 OF 811,PIEDECUESTA,SANTANDER,https://www.datos.gov.co/Estad-sticas-Nacionales/SECOP-II-Proveedores-Registrados/qmzu-gj57,true
900879576-8,PHI SAS,JESASA2011@GMAIL.COM,jesasa2011@gmail.com,3045808917,,CALLE 45 N 3-59,BUCARAMANGA,SANTANDER,https://www.datos.gov.co/Estad-sticas-Nacionales/SECOP-II-Proveedores-Registrados/qmzu-gj57,true
900879990-4,GREEN CONSULTING COLOMBIA SAS,GREENCONSULTINGCOLOMBIA@GMAIL.COM,greenconsultingcolombia@gmail.com,3175025752,,AV. GONZALEZ VALENCIA 48-41,BUCARAMANGA,SANTANDER,https://www.datos.gov.co/Estad-sticas-Nacionales/SECOP-II-Proveedores-Registrados/qmzu-gj57,true
900880475-4,TERRA S.A.S.,,,,,,Bucaramanga,SANTANDER,,false
900883057-2,DISTRIBUIDORA DE GAS DEL FONCE SOCIEDAD POR ACCIONES SIMPLIFICADA EMPRESA DE SERVICIO PÚBLICOS DOMICILIARIOS S.A.S E.S.P,,,,,,Pinchote,SANTANDER,,false
900883604-1,GMC GROUP SAS,,subgerencia@gmcgroupsas.com,,,,Piedecuesta,SANTANDER,https://www.datos.gov.co/Estad-sticas-Nacionales/SECOP-II-Proveedores-Registrados/qmzu-gj57,true
900883664-3,GEONORTH INGENIERIA SAS,,carlosortiz.geonorth@gmail.com,,WWW.GEONORTH.COM.CO,,Floridablanca,SANTANDER,https://www.datos.gov.co/Estad-sticas-Nacionales/SECOP-II-Proveedores-Registrados/qmzu-gj57,true
900884523-8,ALTEC INGENIERIA DE COLOMBIA SAS,ALTECINGENIERIADECOLOMBIA@GMAIL.COM,altecingenieriadecolombia@gmail.com,,WWW.ALTECINGENIERIADECOLOMBIA.COM,CR 24 34 52 OFI 1 ED MALIBU,BUCARAMANGA,SANTANDER,https://www.datos.gov.co/Estad-sticas-Nacionales/SECOP-II-Proveedores-Registrados/qmzu-gj57,true
900890232-4,VILLARENAS CONSTRUCCIONES S.A.S.,,villarenasconstrucciones@hotmail.com,,,,Bucaramanga,SANTANDER,https://www.datos.gov.co/Estad-sticas-Nacionales/SECOP-II-Proveedores-Registrados/qmzu-gj57,true
900891902-5,TOPOIC S.A.S. - EN LIQUIDACION,,,,,,Floridablanca,SANTANDER,,false
900896578-4,MAC MONITOREOS AMBIENTALES Y CONSULTORIA SAS,MACSASGERENCIA@GMAIL.COM,macsasgerencia@gmail.com,6881889,WWW.LABORATORIOMAC.COM.CO,CALLE 89 A # 16 -31,BUCARAMANGA,SANTANDER,https://www.datos.gov.co/Estad-sticas-Nacionales/SECOP-II-Proveedores-Registrados/qmzu-gj57,true
900898650-6,GASES DEL FONCE S.A.S. E.S.P.,,,,,,Bucaramanga,SANTANDER,,false
900908289-4,MONTAJES ELECTROMECANICOS JS S.A.S.,,,,,,Bucaramanga,SANTANDER,,false
900912948-5,"INGENIEROS, CONTRATISTAS Y CONSULTORES S.A.S.",,,,,,Piedecuesta,SANTANDER,,false
900921282-7,PERFOLAB S.A.S.,,,,,,Giron,SANTANDER,,false
900921373-9,ELECTRICOS OSORIOS S.A.S.,,,,,,Floridablanca,SANTANDER,,false
900922834-7,SUELOS Y GEOTECNIA S.A.S,LICITACIONES@SUELOSYGEOTECNIA.COM,licitacionessuelosgeotecnia@gmail.com,3182542966,,AVENIDA 88 # 23 70 BARRIO DIAMANTE DOS,BUCARAMANGA,SANTANDER,https://www.datos.gov.co/Estad-sticas-Nacionales/SECOP-II-Proveedores-Registrados/qmzu-gj57,true
900923286-5,GESTION ELABORACION Y EJECUCION DE PROYECTOS ESPECIALIZADOS SAS,GEPES_S.A.S@HOTMAIL.COM,gepes_s.a.s@hotmail.com,3004365030,,CARRERA 8 N 16 21,SAN GIL,SANTANDER,https://www.datos.gov.co/Estad-sticas-Nacionales/SECOP-II-Proveedores-Registrados/qmzu-gj57,true
900923494-0,DAFA S.A.S.,,,,,,Bucaramanga,SANTANDER,,false
900925220-9,GEO ENERGY S.A.S.,,,,,,Giron,SANTANDER,,false
900929571-7,SOAR INGENIEROS S.A.S.,,,,,,Bucaramanga,SANTANDER,,false
900930217-6,ALTURAS FOTOGRAFIA AEREA E INGENIERIA S.A.S.,,,,,,Bucaramanga,SANTANDER,,false
900930892-8,INCOX INGENIEROS CONSULTORES S.A.S.,,,,,,Piedecuesta,SANTANDER,,false
900931734-7,GEODICON S.A.S.,,,,,,Giron,SANTANDER,,false
900934722-2,ADP INGENIEROS S.A.S.,,ingenierosadp@gmail.com,,,,Bucaramanga,SANTANDER,https://www.datos.gov.co/Estad-sticas-Nacionales/SECOP-II-Proveedores-Registrados/qmzu-gj57,true
900935829-6,ANS ENERGIA SAS,,,,,,Bucaramanga,SANTANDER,,false
900938592-1,C.H.A. CONSULTORIA Y CONSTRUCCION S.A.S.,,,,,,Bucaramanga,SANTANDER,,false
900940222-6,INGESEP BIODIESEL S.A.S.,,,,,,Bucaramanga,SANTANDER,,false
900940472-0,MAP TECHNOLOGIES S.A.S.,,,,,,Bucaramanga,SANTANDER,,false
900945175-0,ORGANIZACION PROFESIONAL DE INGENIERIA CIVIL & CONSTRUCCION S.A.S.,,opiccsas@gmail.com,,WWW.OPICCSAS.COM,,Piedecuesta,SANTANDER,https://www.datos.gov.co/Estad-sticas-Nacionales/SECOP-II-Proveedores-Registrados/qmzu-gj57,true
900947212-4,TRANSVOLQUESAN S.A.S,,,,,,Los Santos,SANTANDER,,false
900947296-2,PROYECTAR I.A. INGENIERIA & ARQUITECTURA S.A.S.,,,,,,Bucaramanga,SANTANDER,,false
900947586-3,DIAGNOSTICENTROS DE COLOMBIA S.A.S.,,,,,,Floridablanca,SANTANDER,,false
900948015-4,OT INGENIEROS SAS,,danieloq99@hotmail.com,,,,Bucaramanga,SANTANDER,https://www.datos.gov.co/Estad-sticas-Nacionales/SECOP-II-Proveedores-Registrados/qmzu-gj57,true
900949751-1,DAN INGENIERIAS S.A.S.,,,,,,Bucaramanga,SANTANDER,,false
900950430-4,BIORESTAURAR INGENIERIA S.A.S,,,,,,Floridablanca,SANTANDER,,false
900951466-3,PMLP PROYECTOS S.A.S.,,,,,,Bucaramanga,SANTANDER,,false
900955899-7,CEGAIR S.A.S,,,,,,Bucaramanga,SANTANDER,,false
900959041-3,SJ CONSTRUCCION Y CONSULTORIA S.A.S,,sjconstruccionyconsultoriasas@hotmail.com,,,,Bucaramanga,SANTANDER,https://www.datos.gov.co/Estad-sticas-Nacionales/SECOP-II-Proveedores-Registrados/qmzu-gj57,true
900959241-1,INGESAP TOPOGRAFIA- INGENIERIA SOLUCIONES DE ALTA PRESICION SAS,INGESAPSAS@GMAIL.COM,ingesapsas@gmail.com,3188786057,,MANZANA M CASA 13 BARRIO MIRADOR DE SAN JUAN,GIRoN,SANTANDER,https://www.datos.gov.co/Estad-sticas-Nacionales/SECOP-II-Proveedores-Registrados/qmzu-gj57,true
900959274-2,A&E INGENIERIA ELECTRICA S.A.S,,,,,,Piedecuesta,SANTANDER,,false
900960382-1,GEOLOGY & SERVICES S.A.S.,,,,,,Bucaramanga,SANTANDER,,false
900961010-1,STARSYS S.A.S.,,,,,,Bucaramanga,SANTANDER,,false
900961269-1,INGENIERIA Y CONSTRUCCIONES LIZCANO HERMANOS S.A.S,,,,,,Bucaramanga,SANTANDER,,false
900961359-6,FIELD LOGIC SAS,,,,,,Bucaramanga,SANTANDER,,false
900962257-8,INGENIERIA OBRAS Y CONSULTORIA S.A.S,,,,,,Floridablanca,SANTANDER,,false
900962376-6,RAAS DISTRIBUCIONES S.A.S.,,,,,,Bucaramanga,SANTANDER,,false
900966654-7,JIP SERVICIOS DE INGENIERÍA S.A.S,,,,,,Bucaramanga,SANTANDER,,false
900966836-0,COLOBRAS,COLOBRASSAS@GMAIL.COM,colobrassas@gmail.com,3108582115,,CARRERA 5 # 28 - 23 APARTAMENTO 16 - 04 BARRIO GIRARDOT,BUCARAMANGA,SANTANDER,https://www.datos.gov.co/Estad-sticas-Nacionales/SECOP-II-Proveedores-Registrados/qmzu-gj57,true
900967109-9,AMP INGENIEROS SAS,INGENIEROSAMP@GMAIL.COM,ingenierosamp@gmail.com,3176399940,,ANILLO VIAL # 19-226 T2-302,FLORIDABLANCA,SANTANDER,https://www.datos.gov.co/Estad-sticas-Nacionales/SECOP-II-Proveedores-Registrados/qmzu-gj57,true
900969854-7,MONTAGUT Y GRANADOS CONSULTORES SAS,MYGINGENIERIACYC@GMAIL.COM,mygingenieriacyc@gmail.com,3123391131,WWW.MYGSAS.COM,CR 7 7N 12 OF 301,PIEDECUESTA,SANTANDER,https://www.datos.gov.co/Estad-sticas-Nacionales/SECOP-II-Proveedores-Registrados/qmzu-gj57,true
900969953-8,INELCOSAN SAS,,,,,,Floridablanca,SANTANDER,,false
900971142-8,INVERSIONES EDS LA BOLERA S.A.S.,EDSLABOLERA@GMAIL.COM,edslabolera@gmail.com,3197696387,,CRA 27 #58-56,BUCARAMANGA,SANTANDER,https://www.datos.gov.co/Estad-sticas-Nacionales/SECOP-II-Proveedores-Registrados/qmzu-gj57,true
900971774-2,EDS EL TRIUNFO,EDSELTRIUNFOAXCONTABLE@GMAIL.COM,subgerencia@laserraniahotel.com,6458498,,AVENIDA QUEBRADA SECA 30 25,BUCARAMANGA,SANTANDER,https://www.datos.gov.co/Estad-sticas-Nacionales/SECOP-II-Proveedores-Registrados/qmzu-gj57,true
900972023-4,AZUERO'S ING S.A.S.,,,,,,Bucaramanga,SANTANDER,,false
900972704-1,WILLIAMS ELECTRIC SAS,,,,,,Floridablanca,SANTANDER,,false
900973098-0,"SOLUCIONES INTEGRALES EN ENERGIA, INGENIERIA Y TELECOMUNICACIONES S.A.S.",,,,,,Bucaramanga,SANTANDER,,false
900974023-3,GESTION ENERGETICA APLICADA SAS,GERENCIA@GEENERA.COM,a.rueda@geenera.com,6949838,WWW.GEENERA.COM,"CARRERA 20 # 18 - 61, OFICINA 201",BUCARAMANGA,SANTANDER,https://www.datos.gov.co/Estad-sticas-Nacionales/SECOP-II-Proveedores-Registrados/qmzu-gj57,true
900976006-7,CLIVER,GERENCIA.CLIVERSOLUCIONES@GMAIL.COM,gerencia.cliversoluciones@gmail.com,3183930714,,"CALLE 94 N° 47 - 76, CONJUNTO SANTABARBARA 2, CASA 118",GIRoN,SANTANDER,https://www.datos.gov.co/Estad-sticas-Nacionales/SECOP-II-Proveedores-Registrados/qmzu-gj57,true
900976798-1,INTACON S.A.S.,,,,,,Floridablanca,SANTANDER,,false
900977830-4,PROCIEL S.A.S.,,,,,,Bucaramanga,SANTANDER,,false
900979026-8,SEIMECATRONICA INGENIERIA S.A.S.,,,,,,Bucaramanga,SANTANDER,,false
900981313-3,AP ASESORIAS PROYECTO Y GESTION SAS,FACTURACIONAP2016@GMAIL.COM,facturacionap2016@gmail.com,3112516751,,HDA TRINITARIOS CS 22,FLORIDABLANCA,SANTANDER,https://www.datos.gov.co/Estad-sticas-Nacionales/SECOP-II-Proveedores-Registrados/qmzu-gj57,true
900983266-4,ROBLE & ASOCIADOS SAS,,,,,,Bucaramanga,SANTANDER,,false
900984875-4,ORPRA S.A.S,,,,,,Bucaramanga,SANTANDER,,false
900985018-3,LRV INGENIERÍA Y LOGÍSTICA S.A.S.,,,,,,Bucaramanga,SANTANDER,,false
900985085-7,HIBRIDOS INGENIERIA S.A.S.,,,,,,Bucaramanga,SANTANDER,,false
900985116-7,EMPRESA ORTIZ CONSTRUCCIONES SAS,EMPRESAORTIZCONSTRUCCIONES@GMAIL.COM,empresaortizconstrucciones@gmail.com,6574446,,CALLE 45 33 33 TA902,BUCARAMANGA,SANTANDER,https://www.datos.gov.co/Estad-sticas-Nacionales/SECOP-II-Proveedores-Registrados/qmzu-gj57,true
900986020-3,PROCONSULTING S.A.S.,,directorhseq@interpro.com.co,,,,Floridablanca,SANTANDER,https://www.datos.gov.co/Estad-sticas-Nacionales/SECOP-II-Proveedores-Registrados/qmzu-gj57,true
900988445-9,COPCO INGENIERiA S.A.S.,COPCOINGENIERIA@GMAIL.COM,copcoingenieria@gmail.com,3163803545,,CALLE 21 # 21 - 20,BUCARAMANGA,SANTANDER,https://www.datos.gov.co/Estad-sticas-Nacionales/SECOP-II-Proveedores-Registrados/qmzu-gj57,true
900990246-6,SGI-ASESORIAS S.A.S,,,,,,Floridablanca,SANTANDER,,false
900992782-1,H&H ENERGY S.A.S.,,,,,,Bucaramanga,SANTANDER,,false
900997751-6,CDA MOTOS FLORIDABLANCA SAS,CONTABILIDADCDAFLORIDA@GMAIL.COM,mabelcalderon0496@gmail.com,3153325569,,CALLE 9 8 51,FLORIDABLANCA,SANTANDER,https://www.datos.gov.co/Estad-sticas-Nacionales/SECOP-II-Proveedores-Registrados/qmzu-gj57,true
900997919-6,INGENIERIA DEL CONTROL DE LA CONTAMINACION AMBIENTAL SAS,,gerencia@iccambiental.com,,WWW.ICCAMBIENTAL.COM,,Giron,SANTANDER,https://www.datos.gov.co/Estad-sticas-Nacionales/SECOP-II-Proveedores-Registrados/qmzu-gj57,true
901000771-9,H.G. ELECTROMECANICA S.A.S.,,,,,,Bucaramanga,SANTANDER,,false
901000874-9,ELECTRIC SANTOS S.A.S.,,,,,,Bucaramanga,SANTANDER,,false
901001854-6,ARQUIACÚSTICA S A S,,,,,,Piedecuesta,SANTANDER,,false
901002630-8,INGENIERIA Y SOLUCIONES DNC S.A.S.,,,,,,Piedecuesta,SANTANDER,,false
901002665-5,IMC - INGENIERIA MANTENIMIENTO Y CONFIABILIDAD SAS,,gerencia@imcsolucionesintegrales.com,,WWW.IMCSOLUCIONESINTEGRALES.COM,,Bucaramanga,SANTANDER,https://www.datos.gov.co/Estad-sticas-Nacionales/SECOP-II-Proveedores-Registrados/qmzu-gj57,true
901003407-6,BIOMOTICA S.A.S.,,,,,,Bucaramanga,SANTANDER,,false
901004378-5,ELECTRICOS LC SAS,,,,,,Mogotes,SANTANDER,,false
901004750-2,PROYECTOS INTEGRADOS 3D S.A.S.,,,,,,Bucaramanga,SANTANDER,,false
901006051-1,ULTRAWELD S.A.S,,,,,,Bucaramanga,SANTANDER,,false
901007479-4,BOLIVAR INDUSTRIAL AMBIENTAL LABORATORIO SAS,CONTACTO@BIALAB.CO,pmora@bialab.co,6654665,WWW.BIALAB.CO,ViA GUATIGUARa KILOMETRO 3 VEREDA GUATIGUARa LOTE 4,PIEDECUESTA,SANTANDER,https://www.datos.gov.co/Estad-sticas-Nacionales/SECOP-II-Proveedores-Registrados/qmzu-gj57,true
901008231-1,AQUA´S SERVICES ENGINEERING S.A.S.,ASEGERENCIA@HOTMAIL.COM,asegerencia@hotmail.com,3183540267,,CALLE 200 # 12-528 TORRE 4 APTO 105,FLORIDABLANCA,SANTANDER,https://www.datos.gov.co/Estad-sticas-Nacionales/SECOP-II-Proveedores-Registrados/qmzu-gj57,true
901008851-6,AVELECTRIC INGENIERÍA S.A.S.,,,,,,Bucaramanga,SANTANDER,,false
901008978-2,SIMER COLOMBIA SAS ESP,,,,,,Bucaramanga,SANTANDER,,false
901014315-4,INSEICOL S.A.S,SOLUCIONESINSEICOL@GMAIL.COM,solucionesinseicol@gmail.com,3212257081,,CALLE 39 #1-28 BARRIO LA JOYA,BUCARAMANGA,SANTANDER,https://www.datos.gov.co/Estad-sticas-Nacionales/SECOP-II-Proveedores-Registrados/qmzu-gj57,true
901014656-0,EMOC INGENIERiA,EMOCINGENIERIASAS@GMAIL.COM,emocingenieriasas@gmail.com,6076835888,WWW.EMOCINGENIERIA.COM,CALLE 52#23-68 OFC 204,BUCARAMANGA,SANTANDER,https://www.datos.gov.co/Estad-sticas-Nacionales/SECOP-II-Proveedores-Registrados/qmzu-gj57,true
901015262-7,INCOTEC SAS,INCOTEC.16@GMAIL.COM,estupiyessica974@gmail.com,3015525857,HTTPS://WWW.INSTAGRAM.COM/INVERSIONES_CONSTRUTEC?IGSH=ZMZZMNI4AXU1DW02,TRANVERSAL 112A # 19- 26,Bucaramanga,SANTANDER,https://www.datos.gov.co/Estad-sticas-Nacionales/SECOP-II-Proveedores-Registrados/qmzu-gj57,true
901015632-9,BACCO GROUP SAS,,gerencia@baccogroup.co,,,,Floridablanca,SANTANDER,https://www.datos.gov.co/Estad-sticas-Nacionales/SECOP-II-Proveedores-Registrados/qmzu-gj57,true
901017547-1,SERINGI,DEYGOL@HOTMAIL.COM,DEYGOL@HOTMAIL.COM,3168718211,,KILOMETRO 1 VIA PAMPLONA # 1 - 97 APARTAMENTO 2007,BUCARAMANGA,SANTANDER,https://www.datos.gov.co/Estad-sticas-Nacionales/SECOP-II-Proveedores-Registrados/qmzu-gj57,true
901019135-8,ICOSAN S.A.S.,ICOSAN.SAS@GMAIL.COM,icosan.sas@gmail.com,6978379,,CALLE 51 # 35 - 28 CENTRO COMERCIAL CABECERA ETAPA III OFICINA 219,BUCARAMANGA,SANTANDER,https://www.datos.gov.co/Estad-sticas-Nacionales/SECOP-II-Proveedores-Registrados/qmzu-gj57,true
901023733-8,AM HABITAT PROYECTOS E INVERSIONES S.A.S.,,,,,,Barbosa,SANTANDER,,false
901024211-1,SLAVIA INGENIERIA S.A.S.,,,,,,Bucaramanga,SANTANDER,,false
901024768-1,F&M PROYECTOS Y CONSTRUCCIONES S.A.S.,,fmconstruccionessas@gmail.com,,,,Cepita,SANTANDER,https://www.datos.gov.co/Estad-sticas-Nacionales/SECOP-II-Proveedores-Registrados/qmzu-gj57,true
901025783-5,AUMAL S.A.S.,,,,,,Bucaramanga,SANTANDER,,false
901028758-4,MANTENIMIENTO ELECTROMECANICO - MTN S.A.S.,,,,,,Floridablanca,SANTANDER,,false
901028960-6,DISEÑOS INTERVENTORIAS Y CONSTRUCCIONES ELECTRICAS S.A.S.,,,,,,Bucaramanga,SANTANDER,,false
901028963-8,CENTRO DIAGNOSTICO AUTOMOTOR DE LEBRIJA SAS,CDALEBRIJENSEDT@GMAIL.COM,cdalebrijensedt@gmail.com,3178932690,,CALLE 12 #17-110,LEBRiJA,SANTANDER,https://www.datos.gov.co/Estad-sticas-Nacionales/SECOP-II-Proveedores-Registrados/qmzu-gj57,true
901029288-9,EXPERTOS EN SOLUCIONES ELECTRICAS S.A.S.,ADMINISTRACION@EXSELECTRIC.COM.CO,administracion@exselectric.com.co,+576076852256,WWW.EXSELECTRIC.COM.CO,CALLE 19 # 24-28 EDIFICIO SAN FRANCISCO PREMIUM,BUCARAMANGA,SANTANDER,https://www.datos.gov.co/Estad-sticas-Nacionales/SECOP-II-Proveedores-Registrados/qmzu-gj57,true
901029420-5,G&G INGENIERIA ELECTRICA SAS,,,,,,Barbosa,SANTANDER,,false
901029619-3,IT ENERGY SAS,,oscarmunoz@itenergy.com.co,,WWW.ITENERGY.COM.CO,,Bucaramanga,SANTANDER,https://www.datos.gov.co/Estad-sticas-Nacionales/SECOP-II-Proveedores-Registrados/qmzu-gj57,true
901030351-7,ANHERMER ENERGY SAS,,,,,,Floridablanca,SANTANDER,,false
901032316-8,GEOMA SAS SERVICIOS INTEGRALES GEOMATICOS,,geoma.sig.sas@gmail.com,,,,Bucaramanga,SANTANDER,https://www.datos.gov.co/Estad-sticas-Nacionales/SECOP-II-Proveedores-Registrados/qmzu-gj57,true
901035948-6,SERVICENTRO LA 22 BUCARAMANGA S.A.S.,,,,,,Bucaramanga,SANTANDER,,false
901037147-2,MONTERO Y ASOCIADOS S.A.S,,,,,,Bucaramanga,SANTANDER,,false
901040226-7,LC INGENIERIA Y DISEÑO SOCIEDAD POR ACCIONES SIMPLIFICADAS,,,,,,Bucaramanga,SANTANDER,,false
901040745-8,AXIS INGENIERÍA S.A.S.,,,,,,Giron,SANTANDER,,false
901040909-9,CONSTRUYETE S.A.S.,,,,,,Bucaramanga,SANTANDER,,false
901041510-9,CCOL PROYECTOS S.A.S.,,,,,,Floridablanca,SANTANDER,,false
901042488-9,DICXOIL LUBRICANTES DE SANTANDER,,dicxoil@yahoo.com,,WWW.DICXOIL.CO,,Bucaramanga,SANTANDER,https://www.datos.gov.co/Estad-sticas-Nacionales/SECOP-II-Proveedores-Registrados/qmzu-gj57,true
901042786-9,KANAX GROUP S.A.S.,,,,,,Bucaramanga,SANTANDER,,false
901043596-0,GCCHSAS,GCCHSAS@GMAIL.COM,gcchsas@gmail.com,3043621814,,CARRERA 29 27-10,GIRoN,SANTANDER,https://www.datos.gov.co/Estad-sticas-Nacionales/SECOP-II-Proveedores-Registrados/qmzu-gj57,true
901044245-5,ENEF ENERGIA DEL FUTURO SAS,,ygarcia@enef.com.co,,WWW.ENEF.COM.CO,,Bucaramanga,SANTANDER,https://www.datos.gov.co/Estad-sticas-Nacionales/SECOP-II-Proveedores-Registrados/qmzu-gj57,true
901045685-7,"PROYECTOS, DISEÑOS Y ESTRUCTURAS ELECTRICAS SAS",DARTECNICOELECTRICO@GMAIL.COM,dartecnicoelectrico@gmail.com,3203562660,,CR 10 #7-04,SAN GIL,SANTANDER,https://www.datos.gov.co/Estad-sticas-Nacionales/SECOP-II-Proveedores-Registrados/qmzu-gj57,true
901047146-8,JV CONSTRUCTORES ASOCIADOS SAS,,,,,,Bucaramanga,SANTANDER,,false
901052471-7,CENTRO DE DIAGNOSTICO AUTOMOTOR COTRASANGIL S.A.S,,cdacotrasangil@gmail.com,,HTTPS://CDACOTRASANGIL.COM.CO/,,San Gil,SANTANDER,https://www.datos.gov.co/Estad-sticas-Nacionales/SECOP-II-Proveedores-Registrados/qmzu-gj57,true
901052582-6,ARKTERRA S.A.S.,,,,,,Bucaramanga,SANTANDER,,false
901053508-5,INGENEG INGENIERIA Y NEGOCIOS S.A.S.,INGENEG.SAS@GMAIL.COM,wilson.ing.10@gmail.com,3152841937,,TV 20 8 03 BRR MIRADOR DE ARENALES,GIRoN,SANTANDER,https://www.datos.gov.co/Estad-sticas-Nacionales/SECOP-II-Proveedores-Registrados/qmzu-gj57,true
901053614-8,CONSTRUINGENERIA SAS,MIGUELQUIROZG2019@GMAIL.COM,construingenieriacolombiasas@gmail.com,6456605,,CALLE 41#4-133 LAGOS II,Floridablanca,SANTANDER,https://www.datos.gov.co/Estad-sticas-Nacionales/SECOP-II-Proveedores-Registrados/qmzu-gj57,true
901055553-6,DEELEK SAS,,,,,,Bucaramanga,SANTANDER,,false
901056223-5,EHG INGENIERIA AGUA-GAS-SOLAR SAS,INFO@ENGI.CO,info@engi.co,3144269070,,CARRERA 29 # 33-53 EDI. ORION BARRIO LA AURORA,BUCARAMANGA,SANTANDER,https://www.datos.gov.co/Estad-sticas-Nacionales/SECOP-II-Proveedores-Registrados/qmzu-gj57,true
901058206-9,GLOBAL IMC SAS,,cediel.22@yahoo.com,,,,Bucaramanga,SANTANDER,https://www.datos.gov.co/Estad-sticas-Nacionales/SECOP-II-Proveedores-Registrados/qmzu-gj57,true
901058518-1,ORGANISMO COLOMBIANO DE CERTIFICACIÓN RETIE S.A.S.,,,,,,Bucaramanga,SANTANDER,,false
901059018-5,INVERSIONES GRUPO REYAR S.A.S,EDSSOROCOTA-PTENAL@HOTMAIL.COM,martinezalexandra829@gmail.com,3115709739,,CARRERA 3 # 4 - 64,PUENTE NACIONAL,SANTANDER,https://www.datos.gov.co/Estad-sticas-Nacionales/SECOP-II-Proveedores-Registrados/qmzu-gj57,true
901061199-6,HYDROPROCESSING CONSULTING S.A.S.,,,,,,Floridablanca,SANTANDER,,false
901066193-5,INSELCOM SAS,SJAGUA@YAHOO.COM,sjagua@yahoo.com,3003557584,,CARRERA 29 NO 45 - 94 OFICINA 803 EDIFICIO SEGUROS ATLAS,BUCARAMANGA,SANTANDER,https://www.datos.gov.co/Estad-sticas-Nacionales/SECOP-II-Proveedores-Registrados/qmzu-gj57,true
901066539-1,GRUPO ENERGETICO COLOMBIANO S.A.S.,GENCO.INGENIERIA@GMAIL.COM,genco.ingenieria@gmail.com,3134349819,WWW.GENCOENERGIA.COM,"CALLE 105 N°17-22, TORRE MIRO APTO 2006",BUCARAMANGA,SANTANDER,https://www.datos.gov.co/Estad-sticas-Nacionales/SECOP-II-Proveedores-Registrados/qmzu-gj57,true
901067489-4,CONSTRUINDUSTRIALES Y CONSULTORES S.A.S.,,,,,,Bucaramanga,SANTANDER,,false
901070018-1,COMPAÑÍA COMERCIALIZADORA DE RECURSOS ENERGETICOS E.S.P S.A.S.,,,,,,Bucaramanga,SANTANDER,,false
901072668-6,SMECOM BUCARAMANGA S.A.S.,,,,,,Bucaramanga,SANTANDER,,false
901073096-8,EMPRESA INDUSTRIAL Y COMERCIAL DE SERVICIOS PUBLICOS ESENCIALES DOMICILIARIOS DE SANTANDER S.A E.S.P,,,,,,Bucaramanga,SANTANDER,,false
901074068-6,CONSULTORIA Y CONSTRUCCION SOSTENIBLE,INFOCCS.SAS@GMAIL.COM,INFOCCS.SAS@GMAIL.COM,3042476997,HTTPS://WWW.INGENIEROSCCS.COM/,CALLE 36 # 19 -18,BUCARAMANGA,SANTANDER,https://www.datos.gov.co/Estad-sticas-Nacionales/SECOP-II-Proveedores-Registrados/qmzu-gj57,true
901074574-1,ECO 7 SAS,ECO7SAS21@GMAIL.COM,eco7sas21@gmail.com,3102327978,,CARRERA 33 N 74-50,BUCARAMANGA,SANTANDER,https://www.datos.gov.co/Estad-sticas-Nacionales/SECOP-II-Proveedores-Registrados/qmzu-gj57,true
901074953-1,MONTAJES ELECTRICOS Y COMUNICACIONES S.A.S,,,,,,Bucaramanga,SANTANDER,,false
901075075-2,ECOTECHNOLOGY GROUP S.A.S.,,,,,,Bucaramanga,SANTANDER,,false
901075677-6,SV SAS,SVINGENIERIAS@GMAIL.COM,SVINGENIERIAS@GMAIL.COM,3163309982,,CALLE 7 # 7-12 INT 5 C.C. QUINTAS DE GUATIGUARA,PIEDECUESTA,SANTANDER,https://www.datos.gov.co/Estad-sticas-Nacionales/SECOP-II-Proveedores-Registrados/qmzu-gj57,true
901075684-8,CEAN ELECTRICOS SAS,,,,,,Bucaramanga,SANTANDER,,false
901076041-7,GLOBALCET S.A.S.,,,,,,Bucaramanga,SANTANDER,,false
901079082-2,HIDROINGENIERIA CONSUTLORES S.A.S,COMERCIAL@HIDROINGENIERIASAS.COM,comercial@hidroingenieriaconsultores.com,6076862014,,CALLE 60 # 17C - 06 PISO 2,BUCARAMANGA,SANTANDER,https://www.datos.gov.co/Estad-sticas-Nacionales/SECOP-II-Proveedores-Registrados/qmzu-gj57,true
901080231-5,ESTACIÓN DE SERVICIO CARRIZAL DE GIRON S.A.S.,,,,,,Bucaramanga,SANTANDER,,false
901080236-1,ESTACION DE SERVICIO CHIMITA S.A.S.,,,,,,Bucaramanga,SANTANDER,,false
901082604-8,GRUPO EMPRESARIAL METAIN SAS,,metainsas@gmail.com,,,,Bucaramanga,SANTANDER,https://www.datos.gov.co/Estad-sticas-Nacionales/SECOP-II-Proveedores-Registrados/qmzu-gj57,true
901082662-5,PRODICAD S.A.S.,,,,,,Bucaramanga,SANTANDER,,false
901082751-2,SMART GROUP COLOMBIA,DIRECTORSGCOLOMBIA@GMAIL.COM,comercialsgcolombia@gmail.com,6850179,,CALLE 36 # 26-48 LOCAL 232,BUCARAMANGA,SANTANDER,https://www.datos.gov.co/Estad-sticas-Nacionales/SECOP-II-Proveedores-Registrados/qmzu-gj57,true
901083282-4,MANTENIMIENTO ELECTROMECANICOS RUEDA ANGEL S.A.S.,,,,,,Floridablanca,SANTANDER,,false
901083429-1,EDS BARLOVENTO S.A.S.,,,,,,Bucaramanga,SANTANDER,,false
901083536-1,ESTACION DE SERVICIO EXICENTRO S.A.S.,,,,,,Bucaramanga,SANTANDER,,false
901084515-1,PROSOP S.A.S.,,,,,,Bucaramanga,SANTANDER,,false
901085127-1,ZAFRA INGENIERIA SAS,LICITACIONESZAFRAINGSAS@GMAIL.COM,proinzasas58@gmail.com,6398008,,CALLE 30 NO. 22-200 LOCAL 1 EDIFICIO CAÑAVERAL CLASSIC BARRIO CAÑAVERAL,FLORIDABLANCA,SANTANDER,https://www.datos.gov.co/Estad-sticas-Nacionales/SECOP-II-Proveedores-Registrados/qmzu-gj57,true
901086464-1,PARMO INGENIEROS S.A.S.,PARMOINGENIEROS@GMAIL.COM,proyectos.parmoingenieros@gmail.com,3045874795,,CRA11#41-05,BUCARAMANGA,SANTANDER,https://www.datos.gov.co/Estad-sticas-Nacionales/SECOP-II-Proveedores-Registrados/qmzu-gj57,true
901087380-6,ESTACION DE SERVICIO SANTO DOMINGO S.A.S.,,,,,,Floridablanca,SANTANDER,,false
901091778-9,INGCONTOP S.A.S.,,,,,,Floridablanca,SANTANDER,,false
901091901-9,CENTRO DE DIAGNOSTICO AUTOMOTRIZ TECNOFULL LA 9 SAS,,,,,,Bucaramanga,SANTANDER,,false
901092018-4,IP PROYECTOS SOLUCIONES DE INGENIERIA S.A.S.,,,,,,Giron,SANTANDER,,false
901093268-3,GEO3 SAS,GERENCIAGEO3@GMAIL.COM,gerenciageo3@gmail.com,6161254,WWW.GEO3SAS.COM,CLL 28A 31 152,GIRoN,SANTANDER,https://www.datos.gov.co/Estad-sticas-Nacionales/SECOP-II-Proveedores-Registrados/qmzu-gj57,true
901093747-1,GMS SAS ESP,GESTIONSOSTENIBLE@GMAIL.COM,,6093830,,CIRCUNVALAR 35 NO.  92 -156  OF 3 - 910,BUCARAMANGA,SANTANDER,https://www.datos.gov.co/Estad-sticas-Nacionales/SECOP-II-Proveedores-Registrados/qmzu-gj57,true
901096819-5,GRUPO M&B INGENIEROS ESTRUCTURALES SAS,,,,,,Socorro,SANTANDER,,false
901097010-9,LOGISTICA INTEGRADA JAS SAS,,logisticaintegrada.ventas@gmail.com,,,,Bucaramanga,SANTANDER,https://www.datos.gov.co/Estad-sticas-Nacionales/SECOP-II-Proveedores-Registrados/qmzu-gj57,true
901097137-5,ESTACIÓN DE SERVICIO COTRANSREGIONAL S.A.S.,,,,,,Bucaramanga,SANTANDER,,false
901097151-9,ESTACIÓN DE SERVICIO MIRADOR DEL LIBANO S.A.S.,,,,,,Bucaramanga,SANTANDER,,false
901098038-9,REDYSOL SOLUCIONES ENERGETICAS S.A.S.,,,,,,Bucaramanga,SANTANDER,,false
901099145-3,ESTACIÓN DE SERVICIO RECREO UNO S.A.S.,,,,,,Bucaramanga,SANTANDER,,false
901099154-1,ESTACIÓN DE SERVICIO HEBORUCOS UNO S.A.S.,,,,,,Bucaramanga,SANTANDER,,false
901099165-0,ESTACIÓN DE SERVICIO HORMIGA UNO S.A.S.,,,,,,Bucaramanga,SANTANDER,,false
901099170-8,ESTACIÓN DE SERVICIO MORRISON UNO S.A.S.,,,,,,Bucaramanga,SANTANDER,,false
901099171-5,ESTACIÓN DE SERVICIO PIÑITOS S.A.S.,,,,,,Bucaramanga,SANTANDER,,false
901099197-6,ESTACIÓN DE SERVICIO LA PLAYA UNO S.A.S.,,,,,,Bucaramanga,SANTANDER,,false
901099209-6,ESTACIÓN DE SERVICIO LIBANO UNO S.A.S.,,,,,,Bucaramanga,SANTANDER,,false
901099243-7,ESTACIÓN DE SERVICIO MASONIA UNO S.A.S.,,,,,,Bucaramanga,SANTANDER,,false
901099549-5,SYNERGIA GROUP SAS,,,,,,Bucaramanga,SANTANDER,,false
901099633-6,ESTACIÓN DE SERVICIO LA AVENIDA UNO S.A.S.,,,,,,Bucaramanga,SANTANDER,,false
901100311-3,ENERTEK ENERGIA & COMUNICACIONES SAS,,asesor.comercial@enertek.com.co,,WWW.ENERTEK.COM.CO,,Bucaramanga,SANTANDER,https://www.datos.gov.co/Estad-sticas-Nacionales/SECOP-II-Proveedores-Registrados/qmzu-gj57,true
901100763-9,ESTACIÓN DE SERVICIO CARBONERA UNO S.A.S.,,,,,,Bucaramanga,SANTANDER,,false
901101415-5,E.D.S BRISAS DEL LLANO SAS,,,,,,Barichara,SANTANDER,,false
901101673-9,"INGENIERIA, CONSTRUCCIONES, SERVICIOS E INTERVENTORiAS S.A.S",,gerencia.icsei@gmail.com,,,,Bucaramanga,SANTANDER,https://www.datos.gov.co/Estad-sticas-Nacionales/SECOP-II-Proveedores-Registrados/qmzu-gj57,true
901101859-1,INJERR S.A.S.,,redondo_rueda@hotmail.com,,,,Floridablanca,SANTANDER,https://www.datos.gov.co/Estad-sticas-Nacionales/SECOP-II-Proveedores-Registrados/qmzu-gj57,true
901103842-6,INGENIEROS ELeCTRICOS S.A.S.,ELECTRICOSINGENIEROS@HOTMAIL.COM,electricosingenieros@hotmail.com,3132873079,,CARRERA 20 # 33 - 46 OFICINA 303,BUCARAMANGA,SANTANDER,https://www.datos.gov.co/Estad-sticas-Nacionales/SECOP-II-Proveedores-Registrados/qmzu-gj57,true
901104057-5,CDA DEL ORIENTE SAS,,,,,,Bucaramanga,SANTANDER,,false
901104119-3,CENTRO DE DIAGNOSTICO AUTOMOTOR COOTRASARAVITA SAS,AUXCONTABILIDAD@COOTRASARAVITA.COM,auxcontabilidad@cootrasaravita.com,7272048,,KM 1 VIA SOCORRO- OIBA ENTRADA LOMA LINDA,SOCORRO,SANTANDER,https://www.datos.gov.co/Estad-sticas-Nacionales/SECOP-II-Proveedores-Registrados/qmzu-gj57,true
901105183-1,JVC INGELECT S.A.S.,,,,,,Bucaramanga,SANTANDER,,false
901105966-1,COLOMBIANA DE INSPECCIONES Y CERTIFICACIONES SAS,,,,,,Bucaramanga,SANTANDER,,false
901108714-4,DJF ENGINEER SERVICES S.A.S.,,,,,,Bucaramanga,SANTANDER,,false
901109221-1,COEDCO S.A.S.,COEDCOSAS@GMAIL.COM,coedcosas@gmail.com,6489412,,CARRERA 27 # 36 - 14 OFICINA 309,BUCARAMANGA,SANTANDER,https://www.datos.gov.co/Estad-sticas-Nacionales/SECOP-II-Proveedores-Registrados/qmzu-gj57,true
901111721-7,CDA MOTOS EL GALLINERAL SAS,,,,,,San Gil,SANTANDER,,false
901113843-6,TOPOLAND S.A.S.,,,,,,Bucaramanga,SANTANDER,,false
901114123-6,XENERGY S.A.S.,,,,,,Bucaramanga,SANTANDER,,false
901114796-2,GRUPO APA SAS,,,,,,Bucaramanga,SANTANDER,,false
901117215-9,GEOLAB LABORATORIO DE INGENIERIA CIVIL SAS,ADMINISTRACION@GEOLABSAS.CO,Administracion@geolabsas.co,3156508157,,ARKANIZA 2 CA 24,IBAGUe,TOLIMA,https://www.datos.gov.co/Estad-sticas-Nacionales/SECOP-II-Proveedores-Registrados/qmzu-gj57,true
901119495-3,JCT INGENIERIA Y DISEÑO SAS,COMERCIALJCTINGENIERIA@GMAIL.COM,comercialjctingenieria@gmail.com,3174354409,,CARRERA 48 # 64  84,BUCARAMANGA,SANTANDER,https://www.datos.gov.co/Estad-sticas-Nacionales/SECOP-II-Proveedores-Registrados/qmzu-gj57,true
901120200-1,PUENTE REAL INGENIERÍA SAS,,,,,,Puente Nacional,SANTANDER,,false
901125535-4,PRODECO INGENIERIA SAS,,prodecoingenieria1@gmail.com,,,,Piedecuesta,SANTANDER,https://www.datos.gov.co/Estad-sticas-Nacionales/SECOP-II-Proveedores-Registrados/qmzu-gj57,true
901129323-8,INGENIERiA ELECTRoNICA EN RADIO S.A.S.,,inelrasas@gmail.com,,WWW.INELRA.COM.CO,,Bucaramanga,SANTANDER,https://www.datos.gov.co/Estad-sticas-Nacionales/SECOP-II-Proveedores-Registrados/qmzu-gj57,true
901129856-1,TICENERGY,LICITACIONES@TICENERGY.CO,licitaciones@ticenergy.co,3102361151,,CRA 26 # 40A - 22,BUCARAMANGA,SANTANDER,https://www.datos.gov.co/Estad-sticas-Nacionales/SECOP-II-Proveedores-Registrados/qmzu-gj57,true
901133716-4,GEOESTABILIZACIONES SOLHER SAS,COMERCIAL@GEOSOLHER.TECH,comercial@geosolher.tech,3175133369,WWW.GEOSOLHER.TECH,CRV 35 72 98 TO 2 IN 1107 ED SERREZUELA I,BUCARAMANGA,SANTANDER,https://www.datos.gov.co/Estad-sticas-Nacionales/SECOP-II-Proveedores-Registrados/qmzu-gj57,true
901135601-5,MARFO,PROYECTOS@MARFO.CO,estorfa@hotmail.com,3173297102,WWW.MARFO.CO,CL 20 # 89-88 URBANIZACIoN DIAMANTE 2 SECTOR 2 TO1 APTO 501,BUCARAMANGA,SANTANDER,https://www.datos.gov.co/Estad-sticas-Nacionales/SECOP-II-Proveedores-Registrados/qmzu-gj57,true
901137399-0,GRUPO DE CONSTRUCCION E INGENIERIA S.A.S.,,,,,,Bucaramanga,SANTANDER,,false
901138405-1,J.G INGENIERIA Y CONSTRUCCIONES S.A.S. BIC,,,,,,Bucaramanga,SANTANDER,,false
901140142-6,CDA GIRON S.A.S,,,,,,Giron,SANTANDER,,false
901140258-1,GILPRAMAN S.A.S.,,,,,,Bucaramanga,SANTANDER,,false
901143808-6,NELLY GONZALEZ E HIJOS S.A.S.,AUXILIAR.EDSPALONEGRO@OUTLOOK.ES,Auxiliar.edspalonegro@outlook.es,3174351299,,CALLE 8 N 5 104,LEBRiJA,SANTANDER,https://www.datos.gov.co/Estad-sticas-Nacionales/SECOP-II-Proveedores-Registrados/qmzu-gj57,true
901143989-0,AEROVIAS,AEROVIAS.INGENIERIA@HOTMAIL.COM,aerolicitaciones2020@gmail.com,6953736,,CRA 31 NO. 51A - 29 OFICINA 202,Bucaramanga,SANTANDER,https://www.datos.gov.co/Estad-sticas-Nacionales/SECOP-II-Proveedores-Registrados/qmzu-gj57,true
901144820-1,DIKAR INGENIERIA SAS,DIKARINGENIERIA@GMAIL.COM,dikaringenieria@gmail.com,3017021860,,CARRERA 7 # 5 - 38 GALAN SANTANDER,GALaN,SANTANDER,https://www.datos.gov.co/Estad-sticas-Nacionales/SECOP-II-Proveedores-Registrados/qmzu-gj57,true
901146210-6,JA ELECTRICOS SAS,J.AELECTRICOS@HOTMAIL.COM,j.aelectricos@hotmail.com,3208658067,,CALLE 143 # 44 - 33 BARRIO PORTAL DE SANTA ANA,FLORIDABLANCA,SANTANDER,https://www.datos.gov.co/Estad-sticas-Nacionales/SECOP-II-Proveedores-Registrados/qmzu-gj57,true
901146512-5,CM INGENIERIA Y CONSULTORIA S.A.S.,CARLOS.MEDINA@CMINGENIERIAYCONSULTORIA.COM,carlos.medina@cmingenieriayconsultoria.com,3176935458,WWW.CMINGENIERIAYCONSULTORIA.COM,CALLE 104 24-48,Bucaramanga,SANTANDER,https://www.datos.gov.co/Estad-sticas-Nacionales/SECOP-II-Proveedores-Registrados/qmzu-gj57,true
901148471-0,PROYECTOS EN INGENIERIA AMBIENTE Y ENERGIA S.A.S,,,,,,Piedecuesta,SANTANDER,,false
901150777-5,MAPAS S.A.S.,,mapas.sas.2020@gmail.com,,,,Bucaramanga,SANTANDER,https://www.datos.gov.co/Estad-sticas-Nacionales/SECOP-II-Proveedores-Registrados/qmzu-gj57,true
901150905-1,OCCINT DE COLOMBIA S.A.S,,occintdecolombiasas2018@gmail.com,,,,Bucaramanga,SANTANDER,https://www.datos.gov.co/Estad-sticas-Nacionales/SECOP-II-Proveedores-Registrados/qmzu-gj57,true
901151751-9,HQ SERVICIOS E INVERSIONES S.A.S,HQSERVICIOSINVERSIONES@GMAIL.COM,hqserviciosinversiones@gmail.com,3118249175,,CL 9 # 3 - 97 BARRIO LELIO OLARTE,PUENTE NACIONAL,SANTANDER,https://www.datos.gov.co/Estad-sticas-Nacionales/SECOP-II-Proveedores-Registrados/qmzu-gj57,true
901152533-4,INGENIERIA CON IDEAS S.A.S.,,,,,,Bucaramanga,SANTANDER,,false
901152814-9,INGSACOL S.A.S,,,,,,Floridablanca,SANTANDER,,false
901153686-7,"AVALÚOS, CONSULTORÍAS Y PROYECTOS S.A.S.",,,,,,Floridablanca,SANTANDER,,false
901155726-2,COMPAÑIA ELECTROMECANICA DE INGENIERIA Y DESARROLLO S.A.S.,,,,,,Floridablanca,SANTANDER,,false
901156642-7,ECOENERGY LATIN AMERICA SAS,,gerencia@ecoenergylatinamerica.com,,WWW.ECOENERGYLATINAMERICA.COM.CO,,Bucaramanga,SANTANDER,https://www.datos.gov.co/Estad-sticas-Nacionales/SECOP-II-Proveedores-Registrados/qmzu-gj57,true
901156836-9,GRAN ESTACION & ASOCIADOS S.A.S.,,,,,,Lebrija,SANTANDER,,false
901159470-0,NIKOLAS OIL & GAS. S.A.S.,,,,,,Piedecuesta,SANTANDER,,false
901159900-6,SURTIGAS NCR S.A.S. E.S.P.,,,,,,Guadalupe,SANTANDER,,false
901159910-1,ENERTECOL SAS,LICITACIONES@ENERTECOL.COM.CO,licitaciones@enertecol.com.co,3113866496,,CALLE 197A 29-15,FLORIDABLANCA,SANTANDER,https://www.datos.gov.co/Estad-sticas-Nacionales/SECOP-II-Proveedores-Registrados/qmzu-gj57,true
901161776-5,DATUM05 SERVICIOS INTEGRALES S.A.S.,,,,,,Giron,SANTANDER,,false
901163995-0,LYG INGENIERiA S.A.S.,,ingenierocivil01@hotmail.com,,,,Bucaramanga,SANTANDER,https://www.datos.gov.co/Estad-sticas-Nacionales/SECOP-II-Proveedores-Registrados/qmzu-gj57,true
901164964-7,PRADA CAÑAS INGENIEROS S.A.S,,,,,,Giron,SANTANDER,,false
901165127-3,TABLEROS ELECTRICOS DE SANTANDER S.A.S.,,,,,,Bucaramanga,SANTANDER,,false
901165196-1,VALGARO INGENIEROS SAS,VALGAROINGENIERIASAS@GMAIL.COM,gerencia@valgaro.com,+57(1)5482105,,CL 103 B 12 C 04,BUCARAMANGA,SANTANDER,https://www.datos.gov.co/Estad-sticas-Nacionales/SECOP-II-Proveedores-Registrados/qmzu-gj57,true
901166630-1,INVERSIONES Y W S.A.S.,,,,,,Guepsa,SANTANDER,,false
901167045-7,PEÑA RICA 2 SAS,,,,,,Enciso,SANTANDER,,false
901168625-3,CDA LA VIRGEN S.A.S.,,,,,,Bucaramanga,SANTANDER,,false
901170377-8,JG CONSTRUCCIONES Y SERVICIOS SAS,EDSELFAROL@GMAIL.COM,edselfarol@gmail.com,3504214400,,KM 1 VIA SOCORRO OIBA EDS EL FAROL,SOCORRO,SANTANDER,https://www.datos.gov.co/Estad-sticas-Nacionales/SECOP-II-Proveedores-Registrados/qmzu-gj57,true
901170704-3,GRUPO LARDEX S.A.S,,,,,,Piedecuesta,SANTANDER,,false
901170899-0,PRODEVCO S.A.S.,,,,,,Bucaramanga,SANTANDER,,false
901171195-9,CDA SUPERCAR LA CENTRAL SAS,DIRECTORCOMERCIALCDASUPERCARS@GMAIL.COM,directorcomercialcdasupercars@gmail.com,6768090,,VIA PALENQUE # 44-112 ACCESO A LOTE,BUCARAMANGA,SANTANDER,https://www.datos.gov.co/Estad-sticas-Nacionales/SECOP-II-Proveedores-Registrados/qmzu-gj57,true
901173680-9,BUILD CORE INGENIERIA SAS,,,,,,Bucaramanga,SANTANDER,,false
901174810-4,INGEARMAN S.A.S.,,,,,,Bucaramanga,SANTANDER,,false
901177213-0,ECOEFICIENCIA INGENIERIA SAS,,jacksonjors1@gmail.com,,,,Bucaramanga,SANTANDER,https://www.datos.gov.co/Estad-sticas-Nacionales/SECOP-II-Proveedores-Registrados/qmzu-gj57,true
901177659-1,GRUPO GYE SAS,,barbosaedsacapulco@gmail.com,,,,Barbosa,SANTANDER,https://www.datos.gov.co/Estad-sticas-Nacionales/SECOP-II-Proveedores-Registrados/qmzu-gj57,true
901177968-2,CONSTRUCTORA MORENO MEDINA S.A.S.,,,,,,Giron,SANTANDER,,false
901177989-7,GRUPO ENERGeTICO DE SANTANDER S.A.S. E.S.P.,INFO@GESESP.COM.CO,emosquera@gesesp.com.co,3186141843,HTTPS://SOMOSGES.COM/,CARRERA 37 # 52-43 EDIFICIO VIP CENTER OFICINA 702,BUCARAMANGA,SANTANDER,https://www.datos.gov.co/Estad-sticas-Nacionales/SECOP-II-Proveedores-Registrados/qmzu-gj57,true
901178594-6,COMPAÑÍA DE SERVICIOS ELECTRICOSS INTEGRALES S.A.S.,,,,,,Piedecuesta,SANTANDER,,false
901179262-0,ELECTROARIAS AC S.A.S.,,,,,,Piedecuesta,SANTANDER,,false
901185133-3,"COMBUSTIBLES, LUBRICANTES Y SERVICIOS- COLUBSERVICE S.A.S.",,,,,,Giron,SANTANDER,,false
901185256-0,SOLUCIONES ENERGETICAS SOE S.A.S.,SOLUCIONESENERGETICAS.CORREO@OUTLOOK.COM,solucionesenergeticas.correo@outlook.com,3114397899,,CALLE 3C # 4-57,SAN GIL,SANTANDER,https://www.datos.gov.co/Estad-sticas-Nacionales/SECOP-II-Proveedores-Registrados/qmzu-gj57,true
901185871-0,D&L INGENIERIA Y CONSULTORIA SAS,DYLINGENIERIAYCONSULTORIASAS@GMAIL.COM,admon.dylsas@gmail.com,3183542042,,CALLE 1 F # 26 - 41,BOGOTa,DISTRITO CAPITAL DE BOGOTa,https://www.datos.gov.co/Estad-sticas-Nacionales/SECOP-II-Proveedores-Registrados/qmzu-gj57,true
901187607-1,FUEL INVESTMENTS GROUP S.A.S,,,,,,Confines,SANTANDER,,false
901188475-0,DIRPRO INGENIERIA SAS,,gerencia@dirproingenieria.com,,,,Bucaramanga,SANTANDER,https://www.datos.gov.co/Estad-sticas-Nacionales/SECOP-II-Proveedores-Registrados/qmzu-gj57,true
901189050-9,INGENIERIA Y SOLUCIONES ENERGÉTICAS INTEGRALES S.A.S.,,,,,,Bucaramanga,SANTANDER,,false
901189381-1,CENTRAL DE BIOCOMBUISTIBLES Y ENERGiA SAS,,centralbiocombustibles@gmail.com,,,,Bucaramanga,SANTANDER,https://www.datos.gov.co/Estad-sticas-Nacionales/SECOP-II-Proveedores-Registrados/qmzu-gj57,true
901196580-1,CONSERVAMOS,,dir@conservamos.com.co,,HTTPS://WWW.CONSERVAMOS.COM.CO/,,Bucaramanga,SANTANDER,https://www.datos.gov.co/Estad-sticas-Nacionales/SECOP-II-Proveedores-Registrados/qmzu-gj57,true
901197367-1,KRODEX INDUSTRY S.A.S.,,,,,,Lebrija,SANTANDER,,false
901197387-9,INGENIEROS ELECTRICOS & ELECTROMECANICOS S.A.S,,,,,,Bucaramanga,SANTANDER,,false
901197568-5,WORKHORSE S.A.S,WORKHORSESAS@GMAIL.COM,workhorsesas@gmail.com,6459546,,"AVENIDA LA ROSITA NO. 27 - 37, OFICINA 21-02, EDIFICIO GREEN GOLD.",BUCARAMANGA,SANTANDER,https://www.datos.gov.co/Estad-sticas-Nacionales/SECOP-II-Proveedores-Registrados/qmzu-gj57,true
901197842-9,CR TOPOGRAFIA Y GEODESIA SAS,,,,,,Bucaramanga,SANTANDER,,false
901201405-0,INGENIERÍA Y ARQUITECTURA SOSTENIBLE DE COLOMBIA S.A.S SOCIEDAD POR ACCIONES SIMPLIFICADAS,,,,,,Bucaramanga,SANTANDER,,false
901202385-6,AGROPEÑA S.A.S.,,,,,,Enciso,SANTANDER,,false
901202936-4,AS INGENIERIA SOLUCIONES AVANZADAS SOCIEDAD POR ACCIONES SIMPLIFICADAS,,GERENCIA@ASINGENIERIASOLUCIONES.COM,,,,Bucaramanga,SANTANDER,https://www.datos.gov.co/Estad-sticas-Nacionales/SECOP-II-Proveedores-Registrados/qmzu-gj57,true
901207905-9,4C'S PROFESIONALES S.A.S.,,,,,,Floridablanca,SANTANDER,,false
901209037-1,MHAS INGENIERIA S.A.S,,,,,,Bucaramanga,SANTANDER,,false
901210612-7,PCL PROCOIL S.A.S.,,,,,,Giron,SANTANDER,,false
901211126-3,PRESACO S.A.S.,,,,,,Bucaramanga,SANTANDER,,false
901212028-4,KONNECTIPUS S.A.S.,,,,,,Bucaramanga,SANTANDER,,false
901212226-6,VJB INGENIERIA SAS,VICTOR_BARON@HOTMAIL.COM,victor_baron@hotmail.com,3158473455,,CALLE 205 NO 38A-115 BARRIO LOS ANDES,FLORIDABLANCA,SANTANDER,https://www.datos.gov.co/Estad-sticas-Nacionales/SECOP-II-Proveedores-Registrados/qmzu-gj57,true
901213767-3,CDA PRACTI-MOTO S.A.S,,,,,,Bucaramanga,SANTANDER,,false
901214874-8,ESTACION DE SERVICIO LA PLAYA DE PESCADERO S.A.S.,,,,,,Piedecuesta,SANTANDER,,false
901215124-7,EDS PUERTO VELERO S.A.S.,,,,,,Betulia,SANTANDER,,false
901216147-0,DISTRIGAS FUENTES S.A.S.,,,,,,Bucaramanga,SANTANDER,,false
901217743-5,GRUPO EMPRESARIAL ELOHIM S.A.S,,,,,,Bucaramanga,SANTANDER,,false
901218248-5,OIKOS INGENIERiA Y AMBIENTE,OIKOSINGENIERIAYAMBIENTE@GMAIL.COM,oikosingenieriayambiente@gmail.com,3123300349,,CARRERA 9 # 17 - 54,SAN GIL,SANTANDER,https://www.datos.gov.co/Estad-sticas-Nacionales/SECOP-II-Proveedores-Registrados/qmzu-gj57,true
901218559-0,SOLUCIONES INTEGRALES ELECTRICAS DE COLOMBIA S.A.S.,,,,,,Bucaramanga,SANTANDER,,false
901218807-2,SERVICIOS INTEGRALES CONTRATISTAS CONSULTORES S.A.S.,SICCONSERVICIOSSAS@YAHOO.COM,ingenieria@sicconingenieros.com,3163401182,,CARRERA 28 #51-47 INT 301 ED ARVICON,BUCARAMANGA,SANTANDER,https://www.datos.gov.co/Estad-sticas-Nacionales/SECOP-II-Proveedores-Registrados/qmzu-gj57,true
901224792-5,PROYECTOS Y SOLUCIONES PARA INGENIERÍA PSI S.A.S,,,,,,Floridablanca,SANTANDER,,false
901227636-8,CONSTRUCTORES ARCA SAS,CONSTRUCTORESARCA@GMAIL.COM,constructoresarca@gmail.com,3502441497,,CARRERA 28 # 119 - 13,FLORIDABLANCA,SANTANDER,https://www.datos.gov.co/Estad-sticas-Nacionales/SECOP-II-Proveedores-Registrados/qmzu-gj57,true
901229714-3,INVERSIONES REVITEC S.A.S.,MERCADEO@CDALAROSITA.COM,mercadeo@cdalarosita.com,6076760022,WWW.CDALAROSITA.COM,AVENIDA LA ROSITA # 25 - 53,BUCARAMANGA,SANTANDER,https://www.datos.gov.co/Estad-sticas-Nacionales/SECOP-II-Proveedores-Registrados/qmzu-gj57,true
901230347-5,CISGO SAS,CISGOSAS@HOTMAIL.COM,salibori22_06@hotmail.com,6077002344,,PIEDECUESTA,PIEDECUESTA,SANTANDER,https://www.datos.gov.co/Estad-sticas-Nacionales/SECOP-II-Proveedores-Registrados/qmzu-gj57,true
901231850-3,DANESOR S.A.S.,,,,,,Piedecuesta,SANTANDER,,false
901238340-0,ASE AL DIA YAB S.A.S,,,,,,Bucaramanga,SANTANDER,,false
901240018-1,SAN FRANCISCO EDS S.A.S.,,,,,,Piedecuesta,SANTANDER,,false
901243620-8,INVERSIONES RODRIGUEZ BUENO S.A.S,,,,,,Floridablanca,SANTANDER,,false
901244233-5,RC CONSTRUCCIONES ELECTRICAS S.A.S.,,,,,,Piedecuesta,SANTANDER,,false
901244863-5,"PROELCIM S.A.S PROYECTOS ELECTRICOS, CIVILES Y MECANICOS SOCIEDAD POR ACCIONES SIMPLIFICADA",,,,,,Charala,SANTANDER,,false
901245667-2,INGENIERIA & PROYECTOS TIC SAS,,,,,,Bucaramanga,SANTANDER,,false
901248159-6,TOPOGRAFIA Y CONSULTORIAS DEL ORIENTE S.A.S.,TOPCONORSAS@GMAIL.COM,topconorsas@gmail.com,3212286590,,CARRERA 8W N°62-48 CASA B13 CONJUNTO LAS MARGARITAS,BUCARAMANGA,SANTANDER,https://www.datos.gov.co/Estad-sticas-Nacionales/SECOP-II-Proveedores-Registrados/qmzu-gj57,true
901248566-0,"CONSULTORIA, ASESORIAS & SOLUCIONES CAS S.A.S",,,,,,Bucaramanga,SANTANDER,,false
901248865-8,CEGARCLA S.A.S,,,,,,Bucaramanga,SANTANDER,,false
901250678-3,GEOTECNIA & CONSTRUCCIONES S.A.S.,,,,,,Giron,SANTANDER,,false
901251100-3,ACEVEDO & LOPEZ INGENIERIA SAS,,,,,,Bucaramanga,SANTANDER,,false
901251355-4,CONSTRUCCIONES ENERGIA Y MANTENIMIENTO S.A.S.,GERENCIA@COEMANT.COM,gerencia@coemant.com,3012407185,,CL 22 21 37,BUCARAMANGA,SANTANDER,https://www.datos.gov.co/Estad-sticas-Nacionales/SECOP-II-Proveedores-Registrados/qmzu-gj57,true
901253174-7,ICECUBE ENFRIADORES DE COLOMBIA SAS,,,,,,Giron,SANTANDER,,false
901253963-1,SEMS INGENIERIA S.A.S.,,,,,,Bucaramanga,SANTANDER,,false
901254322-5,ELECTRIFICACION SANTANDER Y SUR S.A.S.,,,,,,Bucaramanga,SANTANDER,,false
901254465-1,QA/QC CONSULTING S.A.S.,,,,,,Bucaramanga,SANTANDER,,false
901255625-6,CONSTRUCCIoN Y CONSULTORIAS SAYIR S.A.S.,SAYIR2018@HOTMAIL.COM,SAYIR2018@HOTMAIL.COM,3204277972,,CARRERA 5 # 4 - 65 BARRIO EL TEJAR,PaRAMO,SANTANDER,https://www.datos.gov.co/Estad-sticas-Nacionales/SECOP-II-Proveedores-Registrados/qmzu-gj57,true
901256942-0,RASI SOLUCIONES DE INGENIERÍA S.A.S.,,,,,,Bucaramanga,SANTANDER,,false
901259435-1,EMPRESA COLOMBIANA DE ENERGÍAS RENOVABLES E INGENIERÍA - ECOENERGY PARTNERS CORP S.A.S.,,,,,,Bucaramanga,SANTANDER,,false
901264150-8,ARQUITECTURA Y GERENCIA DE PROYECTOS AGP S.A.S,PERSONALESAGP@GMAIL.COM,licitacionesagp@gmail.com,3017876607,,CALLE 34 NO. 26 - 37,FLORIDABLANCA,SANTANDER,https://www.datos.gov.co/Estad-sticas-Nacionales/SECOP-II-Proveedores-Registrados/qmzu-gj57,true
901269864-0,PQS ENERGY SAS,INFO@PQSENERGY.COM,info@pqsenergy.com,3158834125,,CALLE 59 # 30 - 07,BUCARAMANGA,SANTANDER,https://www.datos.gov.co/Estad-sticas-Nacionales/SECOP-II-Proveedores-Registrados/qmzu-gj57,true
901270543-3,MAKILA ARQUITECTURA Y DISEÑO SAS,,,,,,Bucaramanga,SANTANDER,,false
901272510-1,EQUILATERO ARQUITECTURA E INGENIERIA SAS,CONTABILIDAD@EQUILATEROAPP.COM,equilaterosas@gmail.com,6076745674,,CARRERA 27#36-38 OFICINA 209,BUCARAMANGA,SANTANDER,https://www.datos.gov.co/Estad-sticas-Nacionales/SECOP-II-Proveedores-Registrados/qmzu-gj57,true
901275198-8,SOLÉCTRICA S.A.S.,,,,,,Floridablanca,SANTANDER,,false
901280308-1,NETWORKING PLUS S.A.S.,,,,,,Bucaramanga,SANTANDER,,false
901281022-5,PROYECTOS DE INGENIERIA DEL ORIENTE S.A.S.,,,,,,Bucaramanga,SANTANDER,,false
901281659-6,SAT INGENIERIA Y CONSULTORIA S.A.S.,SAT.INGENIERIA@HOTMAIL.COM,sat.ingenieria@hotmail.com,3154045287,WWW.SATINGENIERIA.COM,AV 87 # 20-78,BUCARAMANGA,SANTANDER,https://www.datos.gov.co/Estad-sticas-Nacionales/SECOP-II-Proveedores-Registrados/qmzu-gj57,true
901281902-1,MG SOLUCIONES E INGENIERIA S.A.S,,,,,,Floridablanca,SANTANDER,,false
901284052-1,STAR Y PLACOL SAS,,,,,,Bucaramanga,SANTANDER,,false
901284437-1,"""R & J CONSULTORES Y CONSTRUCTORES S.A.S""",,,,,,Bucaramanga,SANTANDER,,false
901284524-4,NARVAEZ INGENIERiA SAS,MNARVAEZ@NARVAEZINGENIERIA.CO,mnarvaez@narvaezingenieria.co,+573173007415,HTTP://NARVAEZINGENIERIA.CO/,CLL 17 # 32 - 43 OFICINA 1001,BUCARAMANGA,SANTANDER,https://www.datos.gov.co/Estad-sticas-Nacionales/SECOP-II-Proveedores-Registrados/qmzu-gj57,true
901285414-7,CRISANTO MENDEZ ROJAS SAS,,,,,,Floridablanca,SANTANDER,,false
901290350-4,CONSTRUOLAVE S.A.S.,,,,,,Giron,SANTANDER,,false
901291175-6,CIVILEX SAS,CIVILEXSAS@HOTMAIL.COM,c.civilex.sas@gmail.com,6439212,,CALLE 42 NO 28 - 28 OFI 1404 TO A ED SOTOMAYOR,BUCARAMANGA,SANTANDER,https://www.datos.gov.co/Estad-sticas-Nacionales/SECOP-II-Proveedores-Registrados/qmzu-gj57,true
901292303-7,MR ARQUITECTURA Y CONSTRUCCIONES S.A.S,,,,,,Bucaramanga,SANTANDER,,false
901292949-4,CIIPEC S.A.S.,,,,,,Bucaramanga,SANTANDER,,false
901299004-1,DELTA-VÍAS S.A.S.,,,,,,Bucaramanga,SANTANDER,,false
901308805-4,TERRANOVA INGENIEROS CONSULTORES S.A.S.,,,,,,Bucaramanga,SANTANDER,,false
901309112-3,SOLUCIONES TECNOLÓGICAS PARA EL FUTURO S.A.S.,,,,,,Bucaramanga,SANTANDER,,false
901309367-4,TETSU INGENIERIA SAS,,tetsuingenieriasas@gmail.com,,,,Bucaramanga,SANTANDER,https://www.datos.gov.co/Estad-sticas-Nacionales/SECOP-II-Proveedores-Registrados/qmzu-gj57,true
901309510-1,ESTACIÓN DE SERVICIO LA CABRERA UNO S. A. S.,,,,,,Bucaramanga,SANTANDER,,false
901309845-3,COTAC S.A.S.,,,,,,Piedecuesta,SANTANDER,,false
901309923-1,CONECTRA S.A.S.,,gerencia@conectra.net,,,,Floridablanca,SANTANDER,https://www.datos.gov.co/Estad-sticas-Nacionales/SECOP-II-Proveedores-Registrados/qmzu-gj57,true
901311531-2,CENTRO DE DIAGNOSTICO AUTOMOTRIZ MOTOCENTER RUTA 45ª SAS,,,,,,Barbosa,SANTANDER,,false
901313581-1,"""HA SOLUCIONES DE INGENIERIA S.A.S.""",,,,,,Floridablanca,SANTANDER,,false
901313744-3,INGENIERIA DE DISEÑOS Y PROYECTOS DE COLOMBIA S.A.S.,,,,,,Floridablanca,SANTANDER,,false
901316278-6,ARWA S.A.S.,,,,,,Floridablanca,SANTANDER,,false
901318694-6,URIEL HERNANDEZ INGENIERIA CIVIL S.A.S.,,,,,,Bucaramanga,SANTANDER,,false
901321733-6,SERVICIOS INTEGRALES EN LAS VIAS S.A.S,,,,,,Aratoca,SANTANDER,,false
901322246-5,DATICS S.A.S,,,,,,Floridablanca,SANTANDER,,false
901326298-6,GRUPO EMPRESARIAL SERVICIOS VISAN EG S.A.S.,,,,,,Bucaramanga,SANTANDER,,false
901327182-5,BGS INGENIERIA COLOMBIA S.A.S.,,,,,,Floridablanca,SANTANDER,,false
901327738-1,EFICIENCIA ENERGETICA NACIONAL S.A.S.,,,,,,Bucaramanga,SANTANDER,,false
901329590-6,THINK LINK S.A.S,,,,,,Bucaramanga,SANTANDER,,false
901336470-1,SOLUCIONES ELECTROINDUSTRIALES DE COLOMBIA S.A.S,,,,,,Barbosa,SANTANDER,,false
901336915-5,SR MONTAJES ELECTRICOS S.A.S,,,,,,Floridablanca,SANTANDER,,false
901347037-0,INGENIERIA EN PROYECTOS Y SOLUCIONES INDUSTRIALES S.A.S.,,,,,,Bucaramanga,SANTANDER,,false
901352129-1,DISEÑART ARQUITECTURA Y CONSTRUCCION SAS,INGENIERIABHA@GMAIL.COM,ingenieriabha@gmail.com,3102744152,,CALLE 39 # 24-43 EDIFICIO TORREPORTO BARRIO BOLIVAR,BUCARAMANGA,SANTANDER,https://www.datos.gov.co/Estad-sticas-Nacionales/SECOP-II-Proveedores-Registrados/qmzu-gj57,true
901354657-6,GRUPO EMPRESARIAL MOTOKAR SAS,UTGOBER2024@GMAIL.COM,contabilidad@kazuimportaciones.com,3156954059,,KM 1 VIA BOLIVAR VELEZ VDA MINAS,BOLiVAR,SANTANDER,https://www.datos.gov.co/Estad-sticas-Nacionales/SECOP-II-Proveedores-Registrados/qmzu-gj57,true
901354774-1,DASANFE INGENIERIA SAS,DASANFEINGENIERIASAS@OUTLOOK.COM,DASANFEINGENERIASAS@OUTLOOK.COM,3004576433,,CR 8 C 64 C 21 CA 202 POR 2 CONJ LOS ALMENDROS BRR REAL DE MINAS,BUCARAMANGA,SANTANDER,https://www.datos.gov.co/Estad-sticas-Nacionales/SECOP-II-Proveedores-Registrados/qmzu-gj57,true
901356380-0,SELING GROUP S.A.S,,,,,,Bucaramanga,SANTANDER,,false
901356820-1,INGENIERIA Y SOLUCIONES CDM S.A.S.,INGENIERIAYSOLUCIONESCDM@GMAIL.COM,ingenieriaysolucionescdm@gmail.com,3103460706,,CALLE 8 # 4 - 79,CONTRATACIoN,SANTANDER,https://www.datos.gov.co/Estad-sticas-Nacionales/SECOP-II-Proveedores-Registrados/qmzu-gj57,true
901357856-9,COMERCIALIZADORA INTERNACIONAL FURATENA S.A.S.,,,,,,Barbosa,SANTANDER,,false
901358049-6,COMERCIALIZADORA Y DISTRIBUIDORA DE COMBUSTIBLES DE COLOMBIA SAS,,,,,,Piedecuesta,SANTANDER,,false
901359640-4,ARCONTOP INGENIERIA CONSULTORIA SAS,,gerenciaarcontop@gmail.com,,,,Floridablanca,SANTANDER,https://www.datos.gov.co/Estad-sticas-Nacionales/SECOP-II-Proveedores-Registrados/qmzu-gj57,true
901360528-9,NEGOCIOS ALEVAL S.A.S.,,,,,,Socorro,SANTANDER,,false
901360762-6,IXE MINERALS S.A.S.,,,,,,Bucaramanga,SANTANDER,,false
901362606-4,XACTUS S.A.S.,COMERCIAL@XACTUS.IO,comercial@xactus.io,6076973237,,CARRERA 34 A # 36 A 27,BUCARAMANGA,SANTANDER,https://www.datos.gov.co/Estad-sticas-Nacionales/SECOP-II-Proveedores-Registrados/qmzu-gj57,true
901362663-4,REDES SAS,CONTABILIDAD@REDESSAS.CO,contabilidad@redessas.co,3143213508,,CALLE 28 31 - 63 APTO 1908 EDIFICIO TORRE RIO BARRIO LA AURORA,BUCARAMANGA,SANTANDER,https://www.datos.gov.co/Estad-sticas-Nacionales/SECOP-II-Proveedores-Registrados/qmzu-gj57,true
901363255-7,CME GROUP S.A.S.,,,,,,Socorro,SANTANDER,,false
901363278-6,STARSUN S.A.S.,,,,,,Floridablanca,SANTANDER,,false
901364038-1,CONSTRUMAQUINAS DE COLOMBIA S.A.S,CONSTRUMAQUINASDECOLOMBIA@HOTMAIL.COM,construmaquinasdecolombia@hotmail.com,3125389265,,CARRERA 31 # 118-18,FLORIDABLANCA,SANTANDER,https://www.datos.gov.co/Estad-sticas-Nacionales/SECOP-II-Proveedores-Registrados/qmzu-gj57,true
901365676-3,SIGTOP GEOMATICA Y TOPOGRAFIA S.A.S,,sigtopgeomaticaytopografia@gmail.com,,,,Bucaramanga,SANTANDER,https://www.datos.gov.co/Estad-sticas-Nacionales/SECOP-II-Proveedores-Registrados/qmzu-gj57,true
901366074-4,ENERGYCOM SYSTEMS S.A.S.,,,,,,Bucaramanga,SANTANDER,,false
901366458-9,MARTHA LILIANA SUAREZ PEÑALOZA SAS,,,,,,San Gil,SANTANDER,,false
901368159-0,CRJ ELECTRICIDAD Y COMUNICACIONES S.A.S.,,,,,,Bucaramanga,SANTANDER,,false
901368707-7,CONSTRUELECTRICOS ARDILA SOCIEDAD POR ACCIONES SIMPLIFICADAS,,,,,,Bucaramanga,SANTANDER,,false
901369532-1,LVC INGENIERIA S.A.S.,,,,,,Floridablanca,SANTANDER,,false
901370389-4,INGENIERIA Y SOLUCIONES AMBIENTALES DE SANTANDER INSAN SAS,,,,,,San Gil,SANTANDER,,false
901372863-3,EMAC LUBRICANTES S.A.S.,,,,,,Giron,SANTANDER,,false
901373274-1,VALORES MERAKI S.A.S.,,,,,,Floridablanca,SANTANDER,,false
901374853-9,SOLUCIONES ELECTRICAS RODRIGUEZ S.A.S.,,,,,,Bucaramanga,SANTANDER,,false
901378311-7,INFUSO INGENIERIA SAS,,infusosas@gmail.com,,,,Floridablanca,SANTANDER,https://www.datos.gov.co/Estad-sticas-Nacionales/SECOP-II-Proveedores-Registrados/qmzu-gj57,true
901378490-7,MULTISERVICIOS O&D S.A.S.,,,,,,Piedecuesta,SANTANDER,,false
901379003-8,MD ARKPRO S.A.S.,,,,,,Bucaramanga,SANTANDER,,false
901379110-8,SION INGERNIEROS DE COLOMBIA S.A.S,,licitaciones@sioningenieros.com,,HTTPS://SIONINGENIEROS.COM/,,Floridablanca,SANTANDER,https://www.datos.gov.co/Estad-sticas-Nacionales/SECOP-II-Proveedores-Registrados/qmzu-gj57,true
901379172-4,ALA GROUP S.A.S.,,alagroupsas@hotmail.com,,,,Giron,SANTANDER,https://www.datos.gov.co/Estad-sticas-Nacionales/SECOP-II-Proveedores-Registrados/qmzu-gj57,true
901382410-3,PROVEEDOR,DIRECCION@VATTIO.COM.CO,direccion@vattio.com.co,3235782465,WWW.VATTIO.COM.CO,CL. 34 #10-49,BUCARAMANGA,SANTANDER,https://www.datos.gov.co/Estad-sticas-Nacionales/SECOP-II-Proveedores-Registrados/qmzu-gj57,true
901383396-2,J&E LOGISTICS S.A.S,JELOGISTICSSAS@GMAIL.COM,jelogisticssas@gmail.com,3214009072,,CALLE 18  # 14-33,SAN GIL,SANTANDER,https://www.datos.gov.co/Estad-sticas-Nacionales/SECOP-II-Proveedores-Registrados/qmzu-gj57,true
901385039-7,SOLUCIONES INTEGRALES E&A S.A.S,,,,,,Floridablanca,SANTANDER,,false
901388211-1,COMPAÑIA COLOMBIANA DE INGENIERIA ELECTRICA SAS,COORDINACIONADMINISTRATIVA@COLDIELEC.COM,coordinacionadministrativa@coldielec.com,3225021792,,CL 97 33 82 BRR LA PEDREGOSA,BUCARAMANGA,SANTANDER,https://www.datos.gov.co/Estad-sticas-Nacionales/SECOP-II-Proveedores-Registrados/qmzu-gj57,true
901389056-0,KASAZUL S.A.S,,,,,,Piedecuesta,SANTANDER,,false
901389762-2,L&B&T&T SOLUCIONES CONSTRUCTIVAS Y AMBIENTALES SAS,LBTTSOLUCIONESCONSTRUCTIVASYAM@GMAIL.COM,lbttsolucionesconstructivasyam@gmail.com,3124629282,,CLL 55 # 21-53,BUCARAMANGA,SANTANDER,https://www.datos.gov.co/Estad-sticas-Nacionales/SECOP-II-Proveedores-Registrados/qmzu-gj57,true
901390555-6,ECOM ENERGIA Y COMUNICACIONES S.A.S.,COMERCIALECOM864@GMAIL.COM,comercialecom864@gmail.com,3175513142,,CALLE 94 NO 47-89 CA 51 BARRIO SANTA BARBARA I,BUCARAMANGA,SANTANDER,https://www.datos.gov.co/Estad-sticas-Nacionales/SECOP-II-Proveedores-Registrados/qmzu-gj57,true
901390684-8,TRASOELECTRIC GESTIÓN Y PROYECTOS SAS,,,,,,San Gil,SANTANDER,,false
901391117-8,JR SERVICIOS Y SOLUCIONES S.A.S,,jrserviciossas@gmail.com,,,,Floridablanca,SANTANDER,https://www.datos.gov.co/Estad-sticas-Nacionales/SECOP-II-Proveedores-Registrados/qmzu-gj57,true
901391126-4,AP SOLUCIONES SOSTENIBLES S.A.S.,,,,,,Bucaramanga,SANTANDER,,false
901391314-2,GRUPO SOLPROTEC SAS SOLUCIONES PROFESIONALES TECNOLOGICAS Y ECOLOGICAS.,,,,,,Bucaramanga,SANTANDER,,false
901391869-8,SHIVA INGENIERIA S.A.S.,,,,,,Bucaramanga,SANTANDER,,false
901393126-3,J.A.C. INGENIERIA & SERVICES S.A.S.,LICITACIONES.JACINGENIERIA@GMAIL.COM,licitaciones.jacingenieria@gmail.com,3219284025,HTTPS://WWW.FACEBOOK.COM/JACINGENIERIASAS,CARRERA 48#55-44,BUCARAMANGA,SANTANDER,https://www.datos.gov.co/Estad-sticas-Nacionales/SECOP-II-Proveedores-Registrados/qmzu-gj57,true
901393577-1,FRÉRES S.A.S.,,,,,,Floridablanca,SANTANDER,,false
901393672-3,CARLOS TORRES INGENIERIA ESTRUCTURAL S.A.S.,,,,,,Bucaramanga,SANTANDER,,false
901396825-7,USTA INGENIEROS S.A.S.,ESTRUCTURA.USTAINGENIEROS@GMAIL.COM,estructura.ustaingenieros@gmail.com,3005903609,HTTPS://USTAINGENIEROS.COM,CR 31A 121 29 LC 3 ED MIRADOR DEL BOSQUE,FLORIDABLANCA,SANTANDER,https://www.datos.gov.co/Estad-sticas-Nacionales/SECOP-II-Proveedores-Registrados/qmzu-gj57,true
901398088-4,EDS TRIUNFADORES S.A.S,,,,,,Oiba,SANTANDER,,false
901400304-9,INGENIERIA Y SOLUCIONES RENOVABLES S.A.S.,,,,,,Bucaramanga,SANTANDER,,false
901400306-3,INNOVACION Y PROYECTOS E & E S.A.S.,,,,,,Giron,SANTANDER,,false
901402811-0,INGESEG CONSULTORES SAS,,,,,,Piedecuesta,SANTANDER,,false
901402891-1,VAL & MEJ INGENIERÍA S.A.S.,,,,,,Bucaramanga,SANTANDER,,false
901405980-0,"GEOLOGIA, GEOMATICA Y GEOTECNIA S.A.S",,,,,,Floridablanca,SANTANDER,,false
901407874-7,EDPRO SAS,EDPRO-INGENIERIA@OUTLOOK.COM,edpro-ingenieria@outlook.com,3204922708,,CALLE 10 8-36 APTO 1057581230,SAN GIL,SANTANDER,https://www.datos.gov.co/Estad-sticas-Nacionales/SECOP-II-Proveedores-Registrados/qmzu-gj57,true
901408033-4,ENERGIA GUANE SAS,GERENCIA@ENERGIAGUANE.COM,gerencia@energiaguane.com,3173700566,WWW.ENERGIAGUANE.COM,CRA 28 NO 12 A 09,BUCARAMANGA,SANTANDER,https://www.datos.gov.co/Estad-sticas-Nacionales/SECOP-II-Proveedores-Registrados/qmzu-gj57,true
901408762-5,H&T INGENIERÍA S.A.S.,,,,,,Bucaramanga,SANTANDER,,false
901411742-9,OBR INGENIERiA S.A.S.,OBRINGENIERIA@GMAIL.COM,obringenieria@gmail.com,3164298161,,CARRERA 32 # 63 A - 30 TORRE C,BUCARAMANGA,SANTANDER,https://www.datos.gov.co/Estad-sticas-Nacionales/SECOP-II-Proveedores-Registrados/qmzu-gj57,true
901413351-1,INGENIERiA DE CONSTRUCCIONES Y SOLUCIONES S.A.S,OBRASCIVILESBARF@GMAIL.COM,incosol.gerencia@gmail.com,3175894729,,CARRERA 10 # 11 - 23 OFICINA 201,SAN GIL,SANTANDER,https://www.datos.gov.co/Estad-sticas-Nacionales/SECOP-II-Proveedores-Registrados/qmzu-gj57,true
901414394-2,COLECTIVO WAIWA SAS,,,,,,Bucaramanga,SANTANDER,,false
901415053-0,SARMIENTO CONSTRUCTION - ENGINEERING - ARCHITECTURE S.A.S.,,,,,,Bucaramanga,SANTANDER,,false
901415763-1,AVAR-K S.A.S.,,,,,,Bucaramanga,SANTANDER,,false
901417454-1,CONECTA INFRAESTRUCTURA S.A.S,DRCASOCIADOSSAS@GMAIL.COM,drcasociadossas@gmail.com,3203586137,,CARRERA 47A NO. 53-26 OFICINA 01,BUCARAMANGA,SANTANDER,https://www.datos.gov.co/Estad-sticas-Nacionales/SECOP-II-Proveedores-Registrados/qmzu-gj57,true
901417873-2,VANNA ING SAS,,,,,,Bucaramanga,SANTANDER,,false
901418973-5,J ANDRES & ASOCIADOS S.A.S.,,,,,,Floridablanca,SANTANDER,,false
901423337-0,ANÁLISIS DIGITAL DE PROPIEDADES DE ROCA Y FENÓMENOS HIDROCARBUROS S.A.S,,,,,,Bucaramanga,SANTANDER,,false
901423515-5,"EMPRESA DE INSTALACIÓN DE REDES ELÉCTRICAS, MANTENIMIENTOS, CONSTRUCCIONES CIVILES Y SOLARES S.A.S.",,,,,,Piedecuesta,SANTANDER,,false
901425070-9,DPM PROYECTOS E INGENIERÍA S.A.S.,,,,,,Bucaramanga,SANTANDER,,false
901425808-7,IPSILON SERVICIOS DE INGENIERIA S.A.S.,,,,,,Floridablanca,SANTANDER,,false
901427201-6,CONSTRUPROYECTOS DEL NORTE S.A.S,ADMON.CONSTRUPROYECTOS@GMAIL.COM,admon.construproyectos@gmail.com,3114101300,,CARRERA 19 # 4N-19 APTO 301,PIEDECUESTA,SANTANDER,https://www.datos.gov.co/Estad-sticas-Nacionales/SECOP-II-Proveedores-Registrados/qmzu-gj57,true
901428375-3,"CONSULTORIA, ARQUITECTURA Y AVALUOS S.A.S",,,,,,Bucaramanga,SANTANDER,,false
901429135-7,TREY STATE CONSULTORÍA SAS,,,,,,Bucaramanga,SANTANDER,,false
901429481-0,DIEGEO DISEÑO DE ESTRUCTURAS GEOTECNICAS SAS,DIEGOFOREROBUITRAGO@GMAIL.COM,diegoforerobuitrago@gmail.com,3204334124,,CRA 12 N° 12 - 32  APTO 202,SOCORRO,SANTANDER,https://www.datos.gov.co/Estad-sticas-Nacionales/SECOP-II-Proveedores-Registrados/qmzu-gj57,true
901429612-9,GRUPO DE PROFESIONALES DE SANTANDER S.A.S.,GRUPODEPROFESIONALESGPS.SAS@GMAIL.COM,grupodeprofesionalesgps.sas@gmail.com,3175818384,,CALLE 1 D BIS # 6 - 23 MANZANA F F CASA 777 BARRIO PASEO ALCALa,BUCARAMANGA,SANTANDER,https://www.datos.gov.co/Estad-sticas-Nacionales/SECOP-II-Proveedores-Registrados/qmzu-gj57,true
901430081-1,INVERSIONES OPEN S.A.S.,,,,,,Bucaramanga,SANTANDER,,false
901430151-7,CDA CAÑAVERAL S.A.S.,,,,,,Floridablanca,SANTANDER,,false
901430652-5,ELEKTRA D.F S.A.S.,,,,,,Bucaramanga,SANTANDER,,false
901430774-5,FRICOM S.A.S.,,,,,,Bucaramanga,SANTANDER,,false
901431069-5,GECONSI INGENIERIA SAS,CORRESPONDENCIA.INGENIERIASAS@GMAIL.COM,correspondencia.ingenieriasas@gmail.com,3115310637,,CALLE 48 N 28-27,BUCARAMANGA,SANTANDER,https://www.datos.gov.co/Estad-sticas-Nacionales/SECOP-II-Proveedores-Registrados/qmzu-gj57,true
901432084-0,ECOSURVEY TOPOGRAFÍA E INGENIERÍA S.A.S.,,,,,,Bucaramanga,SANTANDER,,false
901438969-0,CENTRO DE DIAGNOSTICO AUTOMOTRIZ MOTOS PIEDECUESTA S.A.S.,,,,,,Piedecuesta,SANTANDER,,false
901439839-6,PROYECTOS VALCO HOLDING S.A.S.,,,,,,Bucaramanga,SANTANDER,,false
901441953-4,IHKESOLAR S.A.S.,,,,,,Bucaramanga,SANTANDER,,false
901442780-1,EDCARMOTOS S.A.S.,,,,,,San Jose De Miranda,SANTANDER,,false
901444873-7,DFB INGENIERiA SAS,DFBINGENIERIA1@GMAIL.COM,dfbingenieria1@gmail.com,3173792294,,CR 18 48 86 BRR LA CONCORDIA,BUCARAMANGA,SANTANDER,https://www.datos.gov.co/Estad-sticas-Nacionales/SECOP-II-Proveedores-Registrados/qmzu-gj57,true
901445748-9,IME ENERGY S.A.S.,,,,,,Floridablanca,SANTANDER,,false
901445924-9,SOSTENIBILIDAD Y SANEAMIENTO AMBIENTAL SOYSA S.A.S,SOYSA0520@GMAIL.COM,soysa0520@gmail.com,6543462,HTTPS://SOYSA0520.WIXSITE.COM/2020,CALLE 6N # 17A 40 QUINTA GRANADA,PIEDECUESTA,SANTANDER,https://www.datos.gov.co/Estad-sticas-Nacionales/SECOP-II-Proveedores-Registrados/qmzu-gj57,true
901445993-7,DS AMBIENTAL S.A.S.,,,,,,Bucaramanga,SANTANDER,,false
901446075-5,REDES DE GESTIÓN INTEGRAL S.A.S.,,,,,,Bucaramanga,SANTANDER,,false
901446523-3,ROCKET INGENIERIA S.A.S.,ROCKETINGENIERIASAS@GMAIL.COM,rocketingenieriasas@gmail.com,3012347722,,CALLE 36 NO. 15-32 EDIFICIO COLSEGUROS OFIC 1504,BUCARAMANGA,SANTANDER,https://www.datos.gov.co/Estad-sticas-Nacionales/SECOP-II-Proveedores-Registrados/qmzu-gj57,true
901446826-1,MAING DE COLOMBIA S.A.S,MMATEUSACOSTA@HOTMAIL.COM,mai.contratacion@gmail.com,3108699264,HTTPS://MATEUSACOSTAING.COM/,CALLE 36 # 15 - 32 OFICINA 1403,BUCARAMANGA,SANTANDER,https://www.datos.gov.co/Estad-sticas-Nacionales/SECOP-II-Proveedores-Registrados/qmzu-gj57,true
901447337-4,"PREDICTIVO ELECTRICO, CONSULTORIA Y MANTENIMIENTO SAS",VENTASYCOMERCIALIZACION@OUTLOOK.ES,ventasycomercializacion@outlook.es,3005253479,,TUV 154 NO157-65 TORRE 2 APT 404,BARRANCABERMEJA,SANTANDER,https://www.datos.gov.co/Estad-sticas-Nacionales/SECOP-II-Proveedores-Registrados/qmzu-gj57,true
901447592-6,EDS GUAYACAN S.A.S,,,,,,Lebrija,SANTANDER,,false
901448029-5,METAL PUENTES SAS,,metalpuentessas@gmail.com,,,,Bucaramanga,SANTANDER,https://www.datos.gov.co/Estad-sticas-Nacionales/SECOP-II-Proveedores-Registrados/qmzu-gj57,true
901448035-1,C&C TOPOGRAFIA E INGENIERIA S.A.S.,,,,,,Bucaramanga,SANTANDER,,false
901448913-1,FRIMATIK S.A.S.,,,,,,Floridablanca,SANTANDER,,false
901449782-8,TACA INVERSIONES,TACAINVERSIONESSAS@GMAIL.COM,tacainversionessas@gmail.com,3182025384,,CARRERA 25 A - 148 - 20 CASA 51,BUCARAMANGA,SANTANDER,https://www.datos.gov.co/Estad-sticas-Nacionales/SECOP-II-Proveedores-Registrados/qmzu-gj57,true
901451647-8,HIDROSUELOS DE COLOMBIA S.A.S.,CONTABILIDADHSCSAS@GMAIL.COM,contabilidadhscsas@gmail.com,3045466736,,CALLE 45 NO. 6 - 07 APARTAMENTO 302 EDIFICIO REVIVIR,FLORIDABLANCA,SANTANDER,https://www.datos.gov.co/Estad-sticas-Nacionales/SECOP-II-Proveedores-Registrados/qmzu-gj57,true
901451995-6,SETEDCO INGENIERIA SAS,SETEDCO.INGENIERIA@GMAIL.COM,setedco.ingenieria@gmail.com,3204423487,,TV 21 B 17 101 MZ C CA 10,GIRoN,SANTANDER,https://www.datos.gov.co/Estad-sticas-Nacionales/SECOP-II-Proveedores-Registrados/qmzu-gj57,true
901452546-7,LUGRASCOL S.A.S,,,,,,Giron,SANTANDER,,false
901453094-4,COBA CONSTRUCCIONES Y CONSULTORÍAS S.A.S,,,,,,Floridablanca,SANTANDER,,false
901453443-1,DIJERCO S.A.S,,,,,,Piedecuesta,SANTANDER,,false
901454546-6,CONSULTORIA EN MEDIO AMBIENTE SEGURIDAD INDUSTRIAL E INGENIERIA SAS,,,,,,Bucaramanga,SANTANDER,,false
901456304-1,CIVACOM INGENIERIA SAS,,civacomingsas@gmail.com,,,,Bucaramanga,SANTANDER,https://www.datos.gov.co/Estad-sticas-Nacionales/SECOP-II-Proveedores-Registrados/qmzu-gj57,true
901456768-3,PROYECTOS DE INGENIERIA SOSTENIBLE SAS,ADMON.OISOSTENIBLE1@GMAIL.COM,admon.oisostenible1@gmail.com,3147017388,,CL 37 25 48 AP 202,BOGOTa,DISTRITO CAPITAL DE BOGOTa,https://www.datos.gov.co/Estad-sticas-Nacionales/SECOP-II-Proveedores-Registrados/qmzu-gj57,true
901456839-8,VP CONSULTNIG SAS,GERENCIA@VPCONSULTINGSAS.COM,anjhelcb@gmail.com,6076834847,,CALLE 63 18 - 92  FLORIDABLANCA,BUCARAMANGA,SANTANDER,https://www.datos.gov.co/Estad-sticas-Nacionales/SECOP-II-Proveedores-Registrados/qmzu-gj57,true
901458192-0,INTERBEST SAS,GERENCIAINTERBEST@GMAIL.COM,gerenciainterbest@gmail.com,3158727887,,CL 51 # 38 14 AP 602,BUCARAMANGA,SANTANDER,https://www.datos.gov.co/Estad-sticas-Nacionales/SECOP-II-Proveedores-Registrados/qmzu-gj57,true
901458205-8,LITHOWATER CONSULTING S.A.S.,,,,,,Floridablanca,SANTANDER,,false
901461117-9,DANTA INGENIERIA Y TOPOGRAFIA S.A.S.,,,,,,Floridablanca,SANTANDER,,false
901461275-4,LJ SERVICIOS EN INGENIERIA S.A.S,LJSERVICIOS2021@GMAIL.COM,ljservicios2021@gmail.com,3175545819,,CARRERA 23 # 26 - 72,BUCARAMANGA,SANTANDER,https://www.datos.gov.co/Estad-sticas-Nacionales/SECOP-II-Proveedores-Registrados/qmzu-gj57,true
901461849-1,MANTENIMIENTOS CARLOS BELTRAN S.A.S.,,,,,,Giron,SANTANDER,,false
901463948-1,CENTRO DE DIAGNOSTICO AUTOMOTOR SANTANDER S A S,,,,,,Bucaramanga,SANTANDER,,false
901464083-0,SERVPETCOL COMPANY S.A.S.,,,,,,Bucaramanga,SANTANDER,,false
901464813-0,ELECTRICOS JOSE CASTILLO SAS,,,,,,Giron,SANTANDER,,false
901465492-4,CICOL GROUP S.A.S,,,,,,Bucaramanga,SANTANDER,,false
901466045-1,LINK INGENIERIA Y ARQUITECTURA SAS,,,,,,Bucaramanga,SANTANDER,,false
901470252-3,INGENIERIA DE MAPEO Y SERVICIOS TECNOLOGICOS S.A.S.,,,,,,Floridablanca,SANTANDER,,false
901472122-3,ESTABECO SAS,,,,,,Bucaramanga,SANTANDER,,false
901472321-2,3ED S.A.S.,,,,,,Bucaramanga,SANTANDER,,false
901472782-4,DISTRIBUCIONES TECNYCAMPO S.A.S.,,,,,,Bucaramanga,SANTANDER,,false
901472970-2,INGENIERÍA GUTIERREZ F.R.B. S.A.S.,,,,,,Bucaramanga,SANTANDER,,false
901475469-7,OPXIONES DE INGENIERIA SAS,OPXIONESINGENIERILES@GMAIL.COM,opxionesingenieriles@gmail.com,3182820619,,CRA 23 N 39 30,BUCARAMANGA,SANTANDER,https://www.datos.gov.co/Estad-sticas-Nacionales/SECOP-II-Proveedores-Registrados/qmzu-gj57,true
901477031-4,SPATH INGENIERIA,SPATHINGENIERIA@GMAIL.COM,spathingenieria@gmail.com,3168656300,,CALLE102 31 04,BUCARAMANGA,SANTANDER,https://www.datos.gov.co/Estad-sticas-Nacionales/SECOP-II-Proveedores-Registrados/qmzu-gj57,true
901477347-6,ENERGY TRANSITION S.A.S.,,,,,,Bucaramanga,SANTANDER,,false
901478910-8,GASEN S.A.S.,,,,,,Floridablanca,SANTANDER,,false
901479699-2,INTERVENTORÍA EN TECNOLOGÍA DE TRANSPORTE INTELIGENTE ITTI S.A.S.,,,,,,Piedecuesta,SANTANDER,,false
901479730-3,SABER - SERVICIOS INTEGRALES S.A.S.,,,,,,Suaita,SANTANDER,,false
901480821-7,M3 RENTAL & EXCAVATING,,m3rentalexcavating@gmail.com,,,,Piedecuesta,SANTANDER,https://www.datos.gov.co/Estad-sticas-Nacionales/SECOP-II-Proveedores-Registrados/qmzu-gj57,true
901483435-0,INNOTAILINGS SAS,,,,,,Bucaramanga,SANTANDER,,false
901484019-4,VISI INGENIERiA S.A.S.,VISIINGENIERIASAS@GMAIL.COM,visiingenieriasas@gmail.com,3102582786,,CRA. 33 NO. 86-40 TORRE 2 APTO. 714,BUCARAMANGA,SANTANDER,https://www.datos.gov.co/Estad-sticas-Nacionales/SECOP-II-Proveedores-Registrados/qmzu-gj57,true
901484020-2,INGENIERIA DE PROYECTOS ELECTRICOS Y CIVILES S.A.S,,,,,,Bucaramanga,SANTANDER,,false
901486195-1,ILUMINACIONES Y CONSTRUCCIONES DE COLOMBIA S.A.S,,,,,,Piedecuesta,SANTANDER,,false
901487780-5,PICO INGENIERIA S.A.S.,,,,,,Floridablanca,SANTANDER,,false
901487963-6,TRANSFOCOL S.A.S,,,,,,Bucaramanga,SANTANDER,,false
901488407-7,GREEN POWER CORP S.A.S.,,,,,,Bucaramanga,SANTANDER,,false
901488931-5,369 ENERGY SAS,,,,,,Bucaramanga,SANTANDER,,false
901489563-2,FEZCO S.A.S.,,,,,,Bucaramanga,SANTANDER,,false
901489874-8,SEVEN DT INGENIERIA S.A.S,,,,,,Bucaramanga,SANTANDER,,false
901493916-4,BIOCOMBUSTIBLES MDG S.A.S.,,,,,,Floridablanca,SANTANDER,,false
901494326-3,INGEOROZCOL S.A.S.,,,,,,Bucaramanga,SANTANDER,,false
901494799-3,TERJESAN S.A.S,,,,,,Bucaramanga,SANTANDER,,false
901496487-1,ANFI ARQUITECTURA INGENIERiA TOPOGRAFiA SAS,GERENCIA@ANFISAS.COM.CO,info.anfisas@gmail.com,3143458960,WWW.ANFISAS.COM.CO,CALLE 22 # 25 - 46,BUCARAMANGA,SANTANDER,https://www.datos.gov.co/Estad-sticas-Nacionales/SECOP-II-Proveedores-Registrados/qmzu-gj57,true
901497792-6,EA2G GROUP SAS,,,,,,Bucaramanga,SANTANDER,,false
901499011-1,FM CONSULTORIAS Y CONSTRUCCIONES S.A.S.,FREDYRMORANTESP80@GMAIL.COM,FREDYRMORANTESP80@GMAIL.COM,3016052437,,CARRERA 10 # 27 - 16,FLORIDABLANCA,SANTANDER,https://www.datos.gov.co/Estad-sticas-Nacionales/SECOP-II-Proveedores-Registrados/qmzu-gj57,true
901499344-9,EMD ESTUDIO ARQUITECTÓNICO S.A.S,,,,,,Floridablanca,SANTANDER,,false
901500884-8,CMK INGENIERIA Y GEOTECNIA S.A.S,CMK.INGENIERIAYGEOTECNIA@GMAIL.COM,cmk.ingenieriaygeotecnia@gmail.com,(607) 6721139,HTTPS://CMKINGENIERIAYGEOTECNIA.COM/,CALLE 19 # 30-34,BUCARAMANGA,SANTANDER,https://www.datos.gov.co/Estad-sticas-Nacionales/SECOP-II-Proveedores-Registrados/qmzu-gj57,true
901502931-5,TT INGENIERIAS. S A S.,,,,,,Floridablanca,SANTANDER,,false
901504056-4,GG INGIENERIA BG S.A.S.,,,,,,Giron,SANTANDER,,false
901505212-1,CONSTRUCCIONES E INGENIERIA DEL ORIENTE S.A.S,,,,,,Bucaramanga,SANTANDER,,false
901505554-5,GESTION Y CONTROL DE PROYECTOS S.A.S.,,,,,,Piedecuesta,SANTANDER,,false
901506282-1,GRUPO EMPRESARIAL EDUARDO HERRERA S.A.S,IMPACTAFUND@GMAIL.COM,impactafund@gmail.com,3165499294,,CARRERA 33 # 75 - 56,BUCARAMANGA,SANTANDER,https://www.datos.gov.co/Estad-sticas-Nacionales/SECOP-II-Proveedores-Registrados/qmzu-gj57,true
901509613-1,LEGNAD INGENIERIA SAS,,,,,,Bucaramanga,SANTANDER,,false
901509709-8,"DISEÑO, CONSTRUCCIÓN Y MANTENIMIENTO, SOLUCIONES ELECTRICAS - DCM          SOLUCIONES ELECTRICAS SAS",,,,,,Suaita,SANTANDER,,false
901510777-0,WFRC CONSULTORIA S.A.S.,,,,,,Floridablanca,SANTANDER,,false
901513907-5,SEYAM INGENIERIA INTERNACIONAL SAS,SEYAMINGENIERA@GMAIL.COM,seyamingenieria@gmail.com,3015769997,,CRA 21 20 69 AP 501,BUCARAMANGA,SANTANDER,https://www.datos.gov.co/Estad-sticas-Nacionales/SECOP-II-Proveedores-Registrados/qmzu-gj57,true
901515156-1,OBRAS,GOMGUSTA@HOTMAIL.COM,gomgusta@hotmail.com,3168703743,,CRA 17 45 21,BUCARAMANGA,SANTANDER,https://www.datos.gov.co/Estad-sticas-Nacionales/SECOP-II-Proveedores-Registrados/qmzu-gj57,true
901517800-4,ESTACION DE SERVICIO MIRADOR DEL LIBANO SPORTS S.A.S.,,,,,,Bucaramanga,SANTANDER,,false
901517867-7,DAGA INVERSIONES Y PROYECTOS S.A.S.,,,,,,Bucaramanga,SANTANDER,,false
901518524-0,CDA LOS COMUNEROS S.A.S.,,,,,,Socorro,SANTANDER,,false
901519815-3,STARK ELECTRIC S.A.S.,,,,,,Giron,SANTANDER,,false
901521263-4,ENERGIAS ALTERNATIVAS SOLARES Y ELECTRICAS SAS,,,,,,Malaga,SANTANDER,,false
901521979-9,IMASEC SAS,WILLIAM.APARICIO@IMASEC.COM.CO,contabilidad@imasec.com.co,3227027460,WWW.IMASEC.COM.CO,CALLE 7A 2-18 PISO 2,PIEDECUESTA,SANTANDER,https://www.datos.gov.co/Estad-sticas-Nacionales/SECOP-II-Proveedores-Registrados/qmzu-gj57,true
901521990-0,INVERSIONES LA LUMA S.A.S.,,,,,,Piedecuesta,SANTANDER,,false
901522514-2,LINCO,GERENCIALINCOSAS@GMAIL.COM,gerencialincosas@gmail.com,3138814398,,CARRERA 36 # 48 - 20,BUCARAMANGA,SANTANDER,https://www.datos.gov.co/Estad-sticas-Nacionales/SECOP-II-Proveedores-Registrados/qmzu-gj57,true
901523585-1,CDA MOTO EXPRESS BARBOSA S.A.S.,,,,,,Barbosa,SANTANDER,,false
901524118-8,CONSTRUCCIONES E INSTALACIONES ELÉCTRICAS CÁRDENAS S.A.S.,,,,,,Bucaramanga,SANTANDER,,false
901525222-0,CYGNUS INGENIERIA SAS,,,,,,Floridablanca,SANTANDER,,false
901525915-6,INVERSIONES 2232 SAS,,,,,,Bucaramanga,SANTANDER,,false
901526406-3,SERVICIOS ESPECIALIZADOS DE INGENIERIA Y CONSULTORIA CBF S.A.S.,,,,,,Piedecuesta,SANTANDER,,false
901526867-5,GRANDE PROYECTOS SAS,GRANDESOLUCIONESSAS@GMAIL.COM,grandesolucionessas@gmail.com,3003909591,,CR 47 54 - 80,BUCARAMANGA,SANTANDER,https://www.datos.gov.co/Estad-sticas-Nacionales/SECOP-II-Proveedores-Registrados/qmzu-gj57,true
901529611-0,ADT SOLUCIONES EN INGENIERiA,GERENCIA@ADTINGENIERIA.COM,gerencia@adtingenieria.com,3182393583,HTTPS://WWW.ADTINGENIERIA.COM/,CRA 25 #20-07,BUCARAMANGA,SANTANDER,https://www.datos.gov.co/Estad-sticas-Nacionales/SECOP-II-Proveedores-Registrados/qmzu-gj57,true
901529984-2,CONSTRUCTORES FABRICANTES E INGENIEROS CIVILES ASOCIADOS DE COLOMBIA S.A.S.,,,,,,Piedecuesta,SANTANDER,,false
901531003-9,NHC INGENIERIA INTEGRAL,NUMARCARRENO@GMAIL.COM,numarcarreno@gmail.com,3203773609,,BUCARAMANGA,BUCARAMANGA,SANTANDER,https://www.datos.gov.co/Estad-sticas-Nacionales/SECOP-II-Proveedores-Registrados/qmzu-gj57,true
901531896-9,LABORATORIO DE INVESTIGACIONES AMBIENTALES L.I.A. S.A.S.,,,,,,Giron,SANTANDER,,false
901533079-7,VIABILIDAD AMBIENTAL SAS,,,,,,Bucaramanga,SANTANDER,,false
901535424-4,"EQUIPO INTERDISCIPLINARIO DE CONSULTORIA, INGENIERIA Y SUMINISTROS S.A.S",,,,,,Bucaramanga,SANTANDER,,false
901535692-1,INGECO JN SAS,ESAOING@GMAIL.COM,esaoing@gmail.com,6782236,,CALLE 32 NO 26-63 CAÑAVERAL,FLORIDABLANCA,SANTANDER,https://www.datos.gov.co/Estad-sticas-Nacionales/SECOP-II-Proveedores-Registrados/qmzu-gj57,true
901539038-2,MONARKA INGENIERIA S.A.S,MONARKA.INGENIERIASAS@GMAIL.COM,monarka.ingenieriasas@gmail.com,3155658294,,CARRERA 26 #41-41 BARRIO SOTOMAYOR,BUCARAMANGA,SANTANDER,https://www.datos.gov.co/Estad-sticas-Nacionales/SECOP-II-Proveedores-Registrados/qmzu-gj57,true
901539857-8,ESTACION DE SERVICIO BELO HORIZONTE S.A.S.,,,,,,Bucaramanga,SANTANDER,,false
901541304-3,"CONSTRU ELÉCTRICOS J,A S.A.S.",,,,,,Piedecuesta,SANTANDER,,false
901544641-4,ECOS ENERGY COLOMBIA S.A.S,,,,,,Bucaramanga,SANTANDER,,false
901546569-0,GEOTECNIA & TUNELES SAS,,,,,,Floridablanca,SANTANDER,,false
901547277-1,AYL INGENIERIA SAS,AYLINGENIERIASAS@GMAIL.COM,AYLINGENIERIASAS@GMAIL.COM,3108889490,,CL 5 13 86,BUCARAMANGA,SANTANDER,https://www.datos.gov.co/Estad-sticas-Nacionales/SECOP-II-Proveedores-Registrados/qmzu-gj57,true
901550998-2,GLOBAL TEC MULTISERVICES SAS,GLOBALTECMUL@GMAIL.COM,auxcomercial1@seguridadacropolis.com,3152349170,,CALLE 11 37A 20 PISO 2,BUCARAMANGA,SANTANDER,https://www.datos.gov.co/Estad-sticas-Nacionales/SECOP-II-Proveedores-Registrados/qmzu-gj57,true
901551161-1,DESARROLLOS ELECTRICOS Y ASESORIAS REGULATORIAS SAS,DESARROLLOSELECTRICOS.YAR@OUTLOOK.COM,desarrolloselectricos.yar@outlook.com,3108647762,,CL 56 15 32,BUCARAMANGA,SANTANDER,https://www.datos.gov.co/Estad-sticas-Nacionales/SECOP-II-Proveedores-Registrados/qmzu-gj57,true
901551501-0,MPI ASPHALT CONSULTANTS S.A.S.,,,,,,Floridablanca,SANTANDER,,false
901552368-1,JMRC ENGINEERING SAS,INTERPLACAS1@GMAIL.COM,interplacas1@gmail.com,6000000,,CL 103 N° 16-57 CASA 10,BUCARAMANGA,SANTANDER,https://www.datos.gov.co/Estad-sticas-Nacionales/SECOP-II-Proveedores-Registrados/qmzu-gj57,true
901555853-6,TECREALLY S.A.S,,,,,,Bucaramanga,SANTANDER,,false
901556153-3,GQ INGENIERIA S.A.S.,,,,,,Floridablanca,SANTANDER,,false
901557092-7,EDS AUTOMOTRIZ SAN FELIPE S.A.S.,,,,,,Floridablanca,SANTANDER,,false
901559456-3,QUARK ENERGY S.A.S.,,,,,,Bucaramanga,SANTANDER,,false
901561373-7,GRUPO COENTEQ,SUSANA.HERNANDEZ@CMINGENIERIAYCONSULTORIA.COM,susana.hernandez@cmingenieriayconsultoria.com,3223099857,,CALLE 58 DIAGONAL 15-36,BUCARAMANGA,SANTANDER,https://www.datos.gov.co/Estad-sticas-Nacionales/SECOP-II-Proveedores-Registrados/qmzu-gj57,true
901568571-0,JH MONTAJES ELECTRICOS Y OBRAS CIVILES S.A.S,,,,,,Bucaramanga,SANTANDER,,false
901570363-1,MINERLAND S.A.S,,,,,,Barbosa,SANTANDER,,false
901575743-1,GRUPO ICSA S.A.S.,,,,,,Piedecuesta,SANTANDER,,false
901575787-3,FORPETEC S.A.S.,,,,,,Bucaramanga,SANTANDER,,false
901576743-4,ALTUS INGENIERIA S.A.S.,,,,,,Floridablanca,SANTANDER,,false
901576984-2,GRUPO EMPRESARIAL CONSTRUCTORES Y PROVEEDORES ASOCIADOS DE SANTANDER S.A.S.,,,,,,Bucaramanga,SANTANDER,,false
901577355-4,CONSTRUCTORA CIVIL ANDINA S.A.S.,,,,,,Bucaramanga,SANTANDER,,false
901578849-5,IMMET SAS,,,,,,Bucaramanga,SANTANDER,,false
901582978-2,LABORATORIO QUIMICO DE SUELOS GANACAMPO S.A.S,,,,,,Bucaramanga,SANTANDER,,false
901583653-9,INVERMARTZ S.A.S,,,,,,Bucaramanga,SANTANDER,,false
901584249-0,MSP INGENIERIA SAS,MSPINGENIERIASAS@GMAIL.COM,mspingenieriasas@gmail.com,3186190323,,CARRERA 22C NO 19 - 45,GIRoN,SANTANDER,https://www.datos.gov.co/Estad-sticas-Nacionales/SECOP-II-Proveedores-Registrados/qmzu-gj57,true
901587101-3,SOLUCIONES ELECTRICAS DE SANTANDER S.A.S.,,,,,,Piedecuesta,SANTANDER,,false
901589137-7,INVERSIONES JACYS SAS,,,,,,Giron,SANTANDER,,false
901591200-1,POWER AND ENERGY S.A.S.,,,,,,Bucaramanga,SANTANDER,,false
901591929-1,K JAIMES CONSTRUCTORES SAS,KJAIMESCONSTRUCTORESSAS@GMAIL.COM,kjaimesconstructoressas@gmail.com,3138214181,,CRA 27W # 64-52 PISO 2,BUCARAMANGA,SANTANDER,https://www.datos.gov.co/Estad-sticas-Nacionales/SECOP-II-Proveedores-Registrados/qmzu-gj57,true
901592729-8,CENTRO DE DIAGNOSTICO AUTOMOTOR EL ESTADIO SAS,,,,,,Bucaramanga,SANTANDER,,false
901594431-8,"CONSULTORIA,OBRAS, INTERVENTORIA Y GESTION INTEGRAL DE PROYECTOS S.A.S",INFO.COINGPRO@GMAIL.COM,info.coingpro@gmail.com,3016615782,,CALLE 36 NO 20-28 OFICINA 202,BUCARAMANGA,SANTANDER,https://www.datos.gov.co/Estad-sticas-Nacionales/SECOP-II-Proveedores-Registrados/qmzu-gj57,true
901595328-1,ROCA MATRIZ S.A.S.,,,,,,Bucaramanga,SANTANDER,,false
901595832-2,ESTACION DE SERVICIO LA 15 SAN MIGUEL SAS,,,,,,Bucaramanga,SANTANDER,,false
901596582-0,S2R INGENIERIA SAS,,,,,,Bucaramanga,SANTANDER,,false
901598463-1,A&C INGENIERIA AMBIENTAL Y CIVIL S.A.S,,,,,,Barbosa,SANTANDER,,false
901598638-3,V&T INGENIEROS Y ASOCIADOS S.A.S,,,,,,Bucaramanga,SANTANDER,,false
901599345-5,EDS CHAPINERO SAS,,,,,,Bucaramanga,SANTANDER,,false
901600247-5,ESTACION DE SERVICIO LA RENTA S.A.S.,,,,,,Lebrija,SANTANDER,,false
901600666-8,XINERSOFT SAS,,,,,,Bucaramanga,SANTANDER,,false
901603008-5,EASTWIND ENERGY SAS,,,,,,Bucaramanga,SANTANDER,,false
901605647-0,INGENIERIA Y PROYECTOS RG SAS,INPRORGSAS@GMAIL.COM,inprorgsas@gmail.com,3124789262,,CALLE 200 NO. 12-528 BLOQUE 1 APARTAMENTO 504,FLORIDABLANCA,SANTANDER,https://www.datos.gov.co/Estad-sticas-Nacionales/SECOP-II-Proveedores-Registrados/qmzu-gj57,true
901608426-3,CONSULTORIA GEOLÓGICA MINERA S.A.S,,,,,,Bucaramanga,SANTANDER,,false
901608536-5,INVERSIONES CASQUI S.A.S.,,,,,,Bucaramanga,SANTANDER,,false
901609411-8,REDES ELECTRICAS Y COMUNICACIONES FUENTES SAS,,,,,,Giron,SANTANDER,,false
901609554-2,INTELEKTA INGENIERIA S.A.S,,,,,,Bucaramanga,SANTANDER,,false
901611200-7,VOLTA INGENIERIA Y SOLUCIONES S.A.S.,VOLTAINGENIERIA.SOLUCIONES@GMAIL.COM,elianalopez2009@hotmail.com,3005054842,,CALLE 22 # 15 - 38,GIRoN,SANTANDER,https://www.datos.gov.co/Estad-sticas-Nacionales/SECOP-II-Proveedores-Registrados/qmzu-gj57,true
901612137-5,NYIA COLOMBIA S.A.S.,,,,,,Bucaramanga,SANTANDER,,false
901612872-0,GÉLYSA INGENIERIA S.A.S,,,,,,Floridablanca,SANTANDER,,false
901613311-5,SMARTGEO INGENIERÍA S.A.S.,,,,,,Giron,SANTANDER,,false
901613980-2,ICI CONSTRUCCIONES S.A.S.,ICICONSTRUCCIONES.SAS@GMAIL.COM,iciconstrucciones.sas@gmail.com,3114093862,,CLL 46#0-40,BUCARAMANGA,SANTANDER,https://www.datos.gov.co/Estad-sticas-Nacionales/SECOP-II-Proveedores-Registrados/qmzu-gj57,true
901614437-9,SERVINTEGRAL SANTANDER S.A.S.,,,,,,Bucaramanga,SANTANDER,,false
901617162-2,J&G CONSULTORIA S.A.S,CONTABILIDAD@EQUILATEROAPP.COM,info@equilateroapp.com,7013082,,TRANSVERSAL 38 AA 59 A 231 (INTERIOR 314),MEDELLiN,ANTIOQUIA,https://www.datos.gov.co/Estad-sticas-Nacionales/SECOP-II-Proveedores-Registrados/qmzu-gj57,true
901617250-2,CEM GREEN INGENIERIA SAS,CEMGREENINGENIERIA@GMAIL.COM,cemgreeningenieria@gmail.com,3175736518,,CALLE 197 22C-04,FLORIDABLANCA,SANTANDER,https://www.datos.gov.co/Estad-sticas-Nacionales/SECOP-II-Proveedores-Registrados/qmzu-gj57,true
901619852-5,VIABEL GROUP SAS,,,,,,Floridablanca,SANTANDER,,false
901621337-1,METAINGENIERIA S.A.S,,,,,,Floridablanca,SANTANDER,,false
901621895-8,SGI.GEO S.A.S,,,,,,Bucaramanga,SANTANDER,,false
901622153-6,ACTIVIDADES DE CONSULTORIA CONSTRUCCION Y SERVICIOS DE INGENIERIA SAS,,,,,,Bucaramanga,SANTANDER,,false
901624078-0,CREAMB SERVICIOS DE INGENIERIA S.A.S,CREAMBSERVICIOSING@GMAIL.COM,CREAMBSERVICIOSING@gmail.com,3167585716,,CALLE 103 # 12 - 86 ALTOS DE FONTANA,BUCARAMANGA,SANTANDER,https://www.datos.gov.co/Estad-sticas-Nacionales/SECOP-II-Proveedores-Registrados/qmzu-gj57,true
901625288-5,ALQUILAB SAS,,,,,,Bucaramanga,SANTANDER,,false
901626956-1,AO SOLUCIONES INTEGRALES SAS,,,,,,Bucaramanga,SANTANDER,,false
901627464-4,OCI INGENIERIA S.A.S.,OCIINGENIERIASAS@GMAIL.COM,ociingenieriasas@gmail.com,3014988868,,CALLE 34 # 26-37,FLORIDABLANCA,SANTANDER,https://www.datos.gov.co/Estad-sticas-Nacionales/SECOP-II-Proveedores-Registrados/qmzu-gj57,true
901629294-8,GRUPO VIHERA S.A.S.,,,,,,Paramo,SANTANDER,,false
901629668-9,LANTEA ENGINEERING SAS,JORGE.PERDOMO@LANTEAENGINEERING.COM,jorge.perdomo@lanteaengineering.com,3122575423,,CALLE 22 #16-07 T-4 APTO 330,GIRoN,SANTANDER,https://www.datos.gov.co/Estad-sticas-Nacionales/SECOP-II-Proveedores-Registrados/qmzu-gj57,true
901630560-4,SOLERA S.A.S.,,,,,,Piedecuesta,SANTANDER,,false
901632695-9,BIMDELEC S.A.S,,,,,,Bucaramanga,SANTANDER,,false
901632746-6,JPU SAS,JPUGERENCIA@GMAIL.COM,jpugerencia@gmail.com,3188043138,,CARRERA 12 # 34-67 OFICINA 401,BUCARAMANGA,SANTANDER,https://www.datos.gov.co/Estad-sticas-Nacionales/SECOP-II-Proveedores-Registrados/qmzu-gj57,true
901633248-4,ECO ENERGIAY CONSTRUCCION SAS,ECOENERGIAYCONSTRUCCION@GMAIL.COM,ecoenergiayconstruccion@gmail.com,3219744293,,CALLE 10 # 8-51,BARBOSA,SANTANDER,https://www.datos.gov.co/Estad-sticas-Nacionales/SECOP-II-Proveedores-Registrados/qmzu-gj57,true
901633396-6,MRB PROYECTOS SAS,,,,,,Floridablanca,SANTANDER,,false
901633848-3,INGENIO ELECTROCIVIL S.A.S,CONTABILIDAD@INGENIOELECTROCIVIL.COM,contabilidad@ingenioelectrocivil.com,3167559865,,CALLE 55 # 23 - 57 BARRIO NUEVO SOTOMAYOR,BUCARAMANGA,SANTANDER,https://www.datos.gov.co/Estad-sticas-Nacionales/SECOP-II-Proveedores-Registrados/qmzu-gj57,true
901636131-5,GRAN 21 S.A.S,,,,,,Bucaramanga,SANTANDER,,false
901636279-6,DCP INSTALACIONES ELECTRICAS SAS,,,,,,Bucaramanga,SANTANDER,,false
901638093-2,CINA COL S.A.S.,,,,,,Bucaramanga,SANTANDER,,false
901638816-0,SUPERELECTRIC C.M. S.A.S.,,,,,,Bucaramanga,SANTANDER,,false
901641870-1,PROYECTOS Y SERVICIOS DE INFRAESTRUCTURA S.A.S.,,,,,,Piedecuesta,SANTANDER,,false
901647529-1,ELECTRICAS AVE S.A.S.,,,,,,Encino,SANTANDER,,false
901648480-2,ONSILICON S.A.S.,,,,,,Bucaramanga,SANTANDER,,false
901649800-0,INGENIERIA Y SERVICIOS FENTEL S.A.S.,,fentelsas@gmail.com,,,,Bucaramanga,SANTANDER,https://www.datos.gov.co/Estad-sticas-Nacionales/SECOP-II-Proveedores-Registrados/qmzu-gj57,true
901652112-2,C.I.C.P. S.A.S.,,,,,,Bucaramanga,SANTANDER,,false
901652447-4,MAQUINARIA Y ENSAMBLES AM S.A.S.,,,,,,Bucaramanga,SANTANDER,,false
901652644-9,JT INGENIERIA Y DISEÑOS S.A.S,,,,,,Bucaramanga,SANTANDER,,false
901652763-7,ALZ ENERGIA S.A.S.,,,,,,Bucaramanga,SANTANDER,,false
901655752-1,ARAMMI CONSTRUCTORA SAS,ARAMMICONSTRUCTORASAS@GMAIL.COM,christiandiazmartinez@hotmail.com,6076912762,HTTPS://WWW.ARAMMICONSTRUCTORA.COM/,CARRERA 27 NO 37-33,BUCARAMANGA,SANTANDER,https://www.datos.gov.co/Estad-sticas-Nacionales/SECOP-II-Proveedores-Registrados/qmzu-gj57,true
901660125-1,SOLUCIONES ELECTRICAS G&G S.A.S.,,,,,,San Gil,SANTANDER,,false
901660386-7,CONSTRUCCION Y MONTAJE ELECTRICO S.A.S.,,,,,,Bucaramanga,SANTANDER,,false
901661809-5,CONSTRULAB MC S.A.S.,,,,,,Floridablanca,SANTANDER,,false
901662353-3,SCADA ING SERVICES SAS,,,,,,Bucaramanga,SANTANDER,,false
901671819-1,IT-ESEC ENGINEERING SAS,,,,,,Aguada,SANTANDER,,false
901672292-5,SANDOVAL Y CASTAÑEDA SOLUCIONES S.A.S,,,,,,Piedecuesta,SANTANDER,,false
901673785-9,AD INGENIERIA ELECTRICA S.A.S,,,,,,Bucaramanga,SANTANDER,,false
901674301-2,MENDEZ CARVAJAL CONSTRUCCIONES SAS,JCARVAJAL.MC@GMAIL.COM,jcarvajal.mc@gmail.com,6076932437,,CRA 34 # 108 21 APTO 204,FLORIDABLANCA,SANTANDER,https://www.datos.gov.co/Estad-sticas-Nacionales/SECOP-II-Proveedores-Registrados/qmzu-gj57,true
901674379-6,PREVIAL S.A.S.,,,,,,Bucaramanga,SANTANDER,,false
901676022-1,INGECONSULTORES DE COLOMBIA SAS,INGECONSULTORES.SAS@HOTMAIL.COM,ingeconsultores.sas@hotmail.com,3003790827,,CARRERA 6 # 7 - 06,FLORIDABLANCA,SANTANDER,https://www.datos.gov.co/Estad-sticas-Nacionales/SECOP-II-Proveedores-Registrados/qmzu-gj57,true
901677294-2,ARIAS INGENIERIA & GEOTECNIA S.A.S,,,,,,Bucaramanga,SANTANDER,,false
901681415-2,BIOPURITY SAS,,,,,,Bucaramanga,SANTANDER,,false
901683070-4,COMERCIALIZADORA Y PROYECTOS YARIGUIES S.A.S,,,,,,Confines,SANTANDER,,false
901684689-7,REDES ELECTRICAS EB S.A.S,,,,,,Bucaramanga,SANTANDER,,false
901685282-8,INVERSIONES TREFILCO S.A.S.,,,,,,Giron,SANTANDER,,false
901686261-8,ENLACE,ENLACECONSULTORSAS@GMAIL.COM,enlaceconsultorsas@gmail.com,3155401217,,CALLE 32 NO 8-41 MUNICIPIO: FLORIDABLANCA - SANTANDER,FLORIDABLANCA,SANTANDER,https://www.datos.gov.co/Estad-sticas-Nacionales/SECOP-II-Proveedores-Registrados/qmzu-gj57,true
901686759-3,GREENSHINE S.A.S.,,,,,,Floridablanca,SANTANDER,,false
901688953-5,GRUPO MARTINEZ CONSTRUCCIONES SAS,GRUMARCONLICITACIONES@GMAIL.COM,grumarconlicitaciones@gmail.com,3114668322,,CALLE 128 # 47 - 174,FLORIDABLANCA,SANTANDER,https://www.datos.gov.co/Estad-sticas-Nacionales/SECOP-II-Proveedores-Registrados/qmzu-gj57,true
901690162-2,ALDI INGENIERiA S.A.S.,ALDI.INGENIERIA.SAS@GMAIL.COM,aldi.ingenieria.sas@gmail.com,3132431241,,CALLE 70 # 55 - 226 CASA 53 VEREDA SANTA BARBARa,GIRoN,SANTANDER,https://www.datos.gov.co/Estad-sticas-Nacionales/SECOP-II-Proveedores-Registrados/qmzu-gj57,true
901690450-9,OPERADORA MINICAR SAS,,,,,,Enciso,SANTANDER,,false
901691024-9,SERVICOM EDS LA TRIADA S.A.S,LATRIADA.SANTANDER@GMAIL.COM,latriada.santander@gmail.com,3132240854,,CRA 7 24 15,SAN GIL,SANTANDER,https://www.datos.gov.co/Estad-sticas-Nacionales/SECOP-II-Proveedores-Registrados/qmzu-gj57,true
901692026-8,SCR INGENIERIA Y SERVICIOS S.A.S.,,,,,,Bucaramanga,SANTANDER,,false
901692104-4,GRUPO ACCION LOGISTICA S.A.S.,,,,,,Bucaramanga,SANTANDER,,false
901692332-7,EJL INGENIEROS SAS,,,,,,Bucaramanga,SANTANDER,,false
901692679-7,"""CABLES DE SANTANDER S.A.S.""",,,,,,Bucaramanga,SANTANDER,,false
901692932-6,COMPAÑIA ELECTRICA DE SANTANDER SAS,,,,,,Piedecuesta,SANTANDER,,false
901693441-6,"OSA OBRAS, SERVICIOS Y AMBIENTE S.A.S",,,,,,Bucaramanga,SANTANDER,,false
901693766-4,AMING INGENIERIA SAS,AMINGINGENIERIASAS@GMAIL.COM,amingingenieriasas@gmail.com,3002311659,,CALLE 31 # 29 -44 APTO 502 EDIFICIO BUCARAL BARRIO LA AURORA,BUCARAMANGA,SANTANDER,https://www.datos.gov.co/Estad-sticas-Nacionales/SECOP-II-Proveedores-Registrados/qmzu-gj57,true
901693817-1,SERVICIO AUTOMOTRIZ EL SURTIDOR SAS,ELSURTIDOR23@GMAIL.COM,EDSURTIDOR23@GMAIL.COM,3126966145,,CALLE 5 # 5-27,VeLEZ,SANTANDER,https://www.datos.gov.co/Estad-sticas-Nacionales/SECOP-II-Proveedores-Registrados/qmzu-gj57,true
901694101-1,INGENIERiA EN AUTOMATIZACIoN Y SEGURIDAD ELECTRoNICA S.A.S,JPTECNOLOGIAYSEGURIDAD15@G.COM,jptecnologiayseguridad15@gmail.com,3212447042,,CARRERA 8 # 12-39,BARBOSA,SANTANDER,https://www.datos.gov.co/Estad-sticas-Nacionales/SECOP-II-Proveedores-Registrados/qmzu-gj57,true
901694631-3,ESTACION DE SERVICIO  & HOTEL LAS PALMERAS SAS,ESTACIONDESERVICIOLASPALMERAS@GMAIL.COM,kcruzhdez@gmail.com,3213520658,,CARRERA 4 # 16-41,CAPITANEJO,SANTANDER,https://www.datos.gov.co/Estad-sticas-Nacionales/SECOP-II-Proveedores-Registrados/qmzu-gj57,true
901694769-0,TBM INGENIEROS SAS,BMINGENIEROS23@GMAIL.COM,bmingenieros23@gmail.com,3142979874,,CRA 13 NO 13A - 20 TORRE A APTO 301,MaLAGA,SANTANDER,https://www.datos.gov.co/Estad-sticas-Nacionales/SECOP-II-Proveedores-Registrados/qmzu-gj57,true
901695358-1,GRUPO INTEGRAL DE LOGISTICA S.A.S.,,,,,,Bucaramanga,SANTANDER,,false
901699865-2,CREESER CON CALIDAD S.A.S.,CREESER.SAS@GMAIL.COM,creeser.sas@gmail.com,3502249357,,CALLE 34 # 27 - 54,BUCARAMANGA,SANTANDER,https://www.datos.gov.co/Estad-sticas-Nacionales/SECOP-II-Proveedores-Registrados/qmzu-gj57,true
901702151-5,MAAS INGENIERIA & CONSTRUCCIONES S.A.S.,MAASINCOSAS@GMAIL.COM,maasincosas@gmail.com,3229481358,,CRA 11 #41-24 GARCIA ROVIRA,BUCARAMANGA,SANTANDER,https://www.datos.gov.co/Estad-sticas-Nacionales/SECOP-II-Proveedores-Registrados/qmzu-gj57,true
901707067-7,GRUPOS VISION FUTURO S.A.S.,,,,,,Piedecuesta,SANTANDER,,false
901710865-9,EWE BUILDING POWER S.A.S.,,,,,,Bucaramanga,SANTANDER,,false
901711988-0,CERTIFICACIONES INGENIERÍA Y PROYECTOS S.A.S,,,,,,Piedecuesta,SANTANDER,,false
901712816-7,D&R ARQUITECTURA Y CONSTRUCCION S.A.S.,,,,,,Floridablanca,SANTANDER,,false
901713830-5,POWERTECH SOLUTIONS SAS,POWERTWCHSOLUTIONS87@GMAIL.COM,powertechsolutions87@gmail.com,3161475811,,CRA 19 # 8 - 45 TORRE 4 APTO 1002,BUCARAMANGA,SANTANDER,https://www.datos.gov.co/Estad-sticas-Nacionales/SECOP-II-Proveedores-Registrados/qmzu-gj57,true
901716009-8,"PROCASCOL SOCIEDAD POR ACCIONES SIMPLIFICADAS ,",PROCASCOL.PROYECTOS@GMAIL.COM,gestionlegalbga@gmail.com,3178005005,,CALLE 45 NO. 27 - 73,BUCARAMANGA,SANTANDER,https://www.datos.gov.co/Estad-sticas-Nacionales/SECOP-II-Proveedores-Registrados/qmzu-gj57,true
901716014-5,ERCON INGENIERiA SAS,PROYECTOS@ERCONINGENIERIA.COM,jeisonpinzon23@gmail.com,3168721968,,CALLE 147 # 58A -  66 CONJUNTO         RESIDENCIAL RECODO DE LA FLORIDA MANZANA 12 CASA 8,BUCARAMANGA,SANTANDER,https://www.datos.gov.co/Estad-sticas-Nacionales/SECOP-II-Proveedores-Registrados/qmzu-gj57,true
901718071-4,SOLUCIONES INTEGRALES EN INGENIERIA ENERGETICA Y HVACR,SOLINERSAS@GMAIL.COM,solinersas1@gmail.com,3154931231,,CALLE 23 # 9 -  25,BUCARAMANGA,SANTANDER,https://www.datos.gov.co/Estad-sticas-Nacionales/SECOP-II-Proveedores-Registrados/qmzu-gj57,true
901718868-7,PS INGENIERIA SOSTENIBLE SAS,PSINGENIERIASOSTENIBLE@GMAIL.COM,psingenieriasostenible@gmail.com,3006064819,,CARRERA 49 # 72 - 127 CONJUNTO,BOGOTa,DISTRITO CAPITAL DE BOGOTa,https://www.datos.gov.co/Estad-sticas-Nacionales/SECOP-II-Proveedores-Registrados/qmzu-gj57,true
901719307-1,INGENIERÍA ELÉCTRICA Y TECNOLÓGICA SAS,,,,,,Piedecuesta,SANTANDER,,false
901721027-0,IMAO PROYECTOS E INGENIERIA SAS,,,,,,Bucaramanga,SANTANDER,,false
901721154-8,ARQTRONIC S.A.S,,,,,,Lebrija,SANTANDER,,false
901723689-5,VALIO SAS,EDINSON.LOZANO@GMAIL.COM,edinson.lozano@gmail.com,3142868727,,CRA 22 32 80,FLORIDABLANCA,SANTANDER,https://www.datos.gov.co/Estad-sticas-Nacionales/SECOP-II-Proveedores-Registrados/qmzu-gj57,true
901725374-1,EASYPARK DE COLOMBIA S.A.S.,,,,,,Bucaramanga,SANTANDER,,false
901726275-3,SISTENERGY S.A.S.,,,,,,Bucaramanga,SANTANDER,,false
901729441-3,EKO RENOVABLES S.A.S.,,,,,,Floridablanca,SANTANDER,,false
901729483-2,INSTRUMENT ROY S.A.S.,,,,,,Bucaramanga,SANTANDER,,false
901731268-1,SOLUCIONES DE INGENIERÍA Y TOPOGRAFÍA EN SANTANDER S.A.S.,,,,,,Socorro,SANTANDER,,false
901731356-1,DISEÑOS Y REFORMAS SA S.A.S.,,,,,,Bucaramanga,SANTANDER,,false
901734922-4,"CONSTRUCCIONES OBRAS, MANTENIMIENTOS E INTERVENTORÍAS SAS",,,,,,Floridablanca,SANTANDER,,false
901735122-3,CLIMÁTICA SAS,,,,,,Bucaramanga,SANTANDER,,false
901735941-9,J&J INGENIERÍA Y AUTOMATIZACIÓN SAS,,,,,,Bucaramanga,SANTANDER,,false
901737330-8,ELECTRIFICAR DE COLOMBIA S.A.S.,,,,,,Bucaramanga,SANTANDER,,false
901737698-2,GRUPO ENERGIA DE COLOMBIA S.A.S,,,,,,Bucaramanga,SANTANDER,,false
901737720-7,BISA INGENIERIA S.A.S,,,,,,Piedecuesta,SANTANDER,,false
901737806-1,INVERSIONES GYR SAS,JUAN.CARLOS.OSORIO.RIOS@GMAIL.COM,ing.juan.carlos.osorio.rios@gmail.com,3214841814,,CARRERA 32 4 NO. 27 AP 2,AGUACHICA,CESAR,https://www.datos.gov.co/Estad-sticas-Nacionales/SECOP-II-Proveedores-Registrados/qmzu-gj57,true
901738136-1,LOGISTICA EMPRESARIAL MYR S.A.S,,,,,,Bucaramanga,SANTANDER,,false
901738662-2,ARREBOL CONSULTORIA SOCIO AMBIENTAL S.A.S.,,,,,,Bucaramanga,SANTANDER,,false
901739415-4,ARQUIMIN+ S.A.S.,,,,,,Bucaramanga,SANTANDER,,false
901745534-7,ECO GLOBE CONSULTING INGENIERIA SOSTENIBLE SAS,DIRECCION.COMERCIAL.ECOGLOBE@GMAIL.COM,direccion.comercial.ecoglobe@gmail.com,6076973152,,CLL 45 10 OCC 21,BUCARAMANGA,SANTANDER,https://www.datos.gov.co/Estad-sticas-Nacionales/SECOP-II-Proveedores-Registrados/qmzu-gj57,true
901746047-6,4C-TERRA S.A.S,,,,,,Bucaramanga,SANTANDER,,false
901746906-8,HYAP TECH S.A.S.,,,,,,Giron,SANTANDER,,false
901748280-5,SUNTACC S.A.S.,,,,,,Bucaramanga,SANTANDER,,false
901749898-0,VR INGENIERIA S.A.S.,,,,,,Piedecuesta,SANTANDER,,false
901751858-2,TRITIUM ENERGY S.A.S.,,,,,,Bucaramanga,SANTANDER,,false
901752695-3,ELECTROMADD SAS,,,,,,Floridablanca,SANTANDER,,false
901754053-4,CONSTRUCTORA DH2 S.A.S.,,,,,,Bucaramanga,SANTANDER,,false
901755057-8,JAF INGENIERIA & ASESORIA S.A.S,JAFINGENIERIAYASESORIASAS@GMAIL.COM,jafingenieriayasesoriasas@gmail.com,3045922038,,CALLE 9 # 4 - 18 PUENTE NACIONAL,PUENTE NACIONAL,SANTANDER,https://www.datos.gov.co/Estad-sticas-Nacionales/SECOP-II-Proveedores-Registrados/qmzu-gj57,true
901757692-4,LOGISTICA Y SERVICIOS DE INGENIERIA SAS,,,,,,Piedecuesta,SANTANDER,,false
901763712-8,M&C CONSTRUCCIONES Y SERVICIOS SAS,MC.CONSTRUSERVI@HOTMAIL.COM,mc.construservi@hotmail.com,3023603341,,KM 2.176 ANILLO VIAL ECOPARQUE NATURA,BUCARAMANGA,SANTANDER,https://www.datos.gov.co/Estad-sticas-Nacionales/SECOP-II-Proveedores-Registrados/qmzu-gj57,true
901765900-5,OTACC GENERACION S.A.S. E.S.P.,,,,,,Bucaramanga,SANTANDER,,false
901765945-6,OT ENERGY CARIBE S.A.S,,,,,,Bucaramanga,SANTANDER,,false
901765951-0,OT ENERGIA SOLAR S.A.S.,,,,,,Bucaramanga,SANTANDER,,false
901768696-0,MWH ENERGY S.A.S.,,,,,,Bucaramanga,SANTANDER,,false
901768705-9,INFINITY ENERGY - E.R. S.A.S,,,,,,Bucaramanga,SANTANDER,,false
901769073-7,HEXA NODO S.A.S.,,,,,,Bucaramanga,SANTANDER,,false
901769999-1,INGENIERIA COLOMBIANA DE PROYECTOS - INCOLPRO S.A.S,,,,,,Floridablanca,SANTANDER,,false
901770080-0,ILUMINAMOS SOLUCIONES ELÉCTRICAS S.A.S.,,,,,,Bucaramanga,SANTANDER,,false
901770103-1,INTEGRA ENERGÍA Y SOSTENIBILIDAD S.A.S.,,,,,,Bucaramanga,SANTANDER,,false
901770609-6,DATA BUSINESS INTELLIGENCE SYSTEM S.A.S,,,,,,Bucaramanga,SANTANDER,,false
901771424-5,SERVICIOS Y CONSULTORÍAS GEOLÓGICAS ACMR S.A.S.,,,,,,Bucaramanga,SANTANDER,,false
901773084-3,MS. INSTALACIONES ELECTRICAS Y COMUNICACIONES SAS,,,,,,Giron,SANTANDER,,false
901774364-5,STEEL INCO S.A.S,,,,,,Bucaramanga,SANTANDER,,false
901779337-9,ECOINGEO CONSULTING SERVICES S.A.S.,,,,,,Bucaramanga,SANTANDER,,false
901779615-1,WTC INGENIERIA S.A.S.,,,,,,Giron,SANTANDER,,false
901779745-0,97 LR S.A.S,,,,,,Bucaramanga,SANTANDER,,false
901781192-4,PARPAL CO S.A.S.,,,,,,Bucaramanga,SANTANDER,,false
901781512-8,INVERSIONES ARDILA PALENCIA S.A.S,,,,,,Piedecuesta,SANTANDER,,false
901782352-0,HIDROKINESIS INGENIERIA S.A.S.,,,,,,Bucaramanga,SANTANDER,,false
901783036-2,MANTIS LAB S.A.S,,,,,,Floridablanca,SANTANDER,,false
901784839-4,INGENIEROS E INTERVENTORIA DE COLOMBIA SAS,,,,,,Floridablanca,SANTANDER,,false
901785079-8,ESTACION DE SERVIVIO EL PARADOR MALAGA SAS,EDSELPARADORMALAGA@GMAIL.COM,edselparadormalaga@gmail.com,3011168864,,CRA 9A NO 24-255,MaLAGA,SANTANDER,https://www.datos.gov.co/Estad-sticas-Nacionales/SECOP-II-Proveedores-Registrados/qmzu-gj57,true
901786185-5,WK INGENIERIA S.A.S,WKINGENIEROS@GMAIL.COM,wkingenieros@gmail.com,3112842161,,CALLE 18 # 8W - 35 TORRE 7 APARTAMENTO,FLORIDABLANCA,SANTANDER,https://www.datos.gov.co/Estad-sticas-Nacionales/SECOP-II-Proveedores-Registrados/qmzu-gj57,true
901786920-2,INGENIERIA PROYECTOS DE SANTANDER S.A.S,,,,,,Piedecuesta,SANTANDER,,false
901787490-1,GELCOIN SAS,GELCOINSAS@GMAIL.COM,gelcoinsas@gmail.com,3192325110,,CALLE 6A  13 85,BUCARAMANGA,SANTANDER,https://www.datos.gov.co/Estad-sticas-Nacionales/SECOP-II-Proveedores-Registrados/qmzu-gj57,true
901788034-0,ICAAR S.A.S.,ICAARSAS@GMAIL.COM,icaarsas@gmail.com,3124798272,,CARRERA 23 NO. 46-35,BUCARAMANGA,SANTANDER,https://www.datos.gov.co/Estad-sticas-Nacionales/SECOP-II-Proveedores-Registrados/qmzu-gj57,true
901788641-1,"CONSTRUCCION, OBRAS CIVILES, ARQUITECTURA Y TECNOLOGIA SAS",COAT.SAS2023@GMAIL.COM,coat.sas2023@gmail.com,3183137179,,CALLE 28 # 30 -  44,BUCARAMANGA,SANTANDER,https://www.datos.gov.co/Estad-sticas-Nacionales/SECOP-II-Proveedores-Registrados/qmzu-gj57,true
901789398-0,HJC SOLUCIONES INGENIERIA SAS,HJCSOLUCIONESINGENIERIASAS@GMAIL.COM,hjcsolucionesingenieriasas@gmail.com,6076517034,,CARRERA 8 61 132,BUCARAMANGA,SANTANDER,https://www.datos.gov.co/Estad-sticas-Nacionales/SECOP-II-Proveedores-Registrados/qmzu-gj57,true
901790510-1,INVERSIONES TOPOCORO SAS,,,,,,Giron,SANTANDER,,false
901790804-1,ESTACION COLUBE SAS,,,,,,Malaga,SANTANDER,,false
901791089-6,DASCOL INGENIERIA Y SUMINISTROS SAS,DASCOLINGENIERIAYSUMINISTROS@GMAIL.COM,dascolingenieriaysuministros@gmail.com,3163337927,,CALLE 49 NO. 27-101,GIRoN,SANTANDER,https://www.datos.gov.co/Estad-sticas-Nacionales/SECOP-II-Proveedores-Registrados/qmzu-gj57,true
901792201-1,MYM CONSULTING & SERVICES SAS,,,,,,Bucaramanga,SANTANDER,,false
901793169-6,5M ENERGY S.A.S.,,,,,,Bucaramanga,SANTANDER,,false
901793669-7,AREACYBERSEGURA SAS,CONTACTENOS@AREACYBERSEGURA.COM,gerencia@areacybersegura.com,3173777597,WWW.AREACYBERSEGURA.COM,CARRERA 16 # 67-69,BUCARAMANGA,SANTANDER,https://www.datos.gov.co/Estad-sticas-Nacionales/SECOP-II-Proveedores-Registrados/qmzu-gj57,true
901795281-2,JM ENERGYA S.A.S.,,,,,,Bucaramanga,SANTANDER,,false
901795824-1,VERDES SOSTENIBLES DE COLOMBIA S.A.S.,,,,,,Bucaramanga,SANTANDER,,false
901796585-0,MANUR INGENIERÍA S.A.S.,,,,,,Bucaramanga,SANTANDER,,false
901796996-4,CONSTRUCCIONES Y CONSULTORES DE COLOMBIA S.A.S.,,,,,,Bucaramanga,SANTANDER,,false
901797100-7,BIO-SIG SAS,AMBIENTALBIOSIG2023@GMAIL.COM,ambientalbiosig2023@gmail.com,3125588827,,CALLE 29 # 23 -  36IROKATORRE2 -  APTO -  304,BUCARAMANGA,SANTANDER,https://www.datos.gov.co/Estad-sticas-Nacionales/SECOP-II-Proveedores-Registrados/qmzu-gj57,true
901797153-7,GEORECURSOS SAS,,,,,,Bucaramanga,SANTANDER,,false
901798365-6,BYP INGENIERIA Y PROYECTOS S.A.S.,,,,,,Piedecuesta,SANTANDER,,false
901798539-0,AGINGENIERIA SAS,,,,,,Floridablanca,SANTANDER,,false
901801024-2,CDA EL MOLINO PIEDECUESTA S.A.S,,,,,,Piedecuesta,SANTANDER,,false
901802066-6,J&L SUN ENERGY COL SAS,,,,,,Bucaramanga,SANTANDER,,false
901802865-4,ELECTRICISTAS Y CONSTRUCTORES SAS,,,,,,Giron,SANTANDER,,false
901803669-1,ODEMAC INGENIERIA Y TOPOGRAFIA S.A.S.,,,,,,Bucaramanga,SANTANDER,,false
901804118-1,AUTOMATION ETERNAL SAS,,,,,,Floridablanca,SANTANDER,,false
901804376-3,QUALIX DISEÑO Y CONSTRUCCIÓN S.A.S.,,,,,,Floridablanca,SANTANDER,,false
901805603-5,SOLUCIONES E INGENIERIA V.G. SAS,,,,,,Betulia,SANTANDER,,false
901806397-7,LOGISTICA Y TRANSPORTE AVANZADO S.A.S,,,,,,Bucaramanga,SANTANDER,,false
901806482-5,CORE PROYECTOS DE INGENIERIA S.A.S,CAFABIAN2009@GMAIL.COM,cafabian2009@gmail.com,3118913499,,DIAGONAL 105 # 104E - 196,GIRoN,SANTANDER,https://www.datos.gov.co/Estad-sticas-Nacionales/SECOP-II-Proveedores-Registrados/qmzu-gj57,true
901808078-1,LEMUS CONSTRUCCIONES Y ACABADOS S.A.S,,,,,,Bucaramanga,SANTANDER,,false
901808757-4,PROGAS SAS ESP,,,,,,Giron,SANTANDER,,false
901808934-1,CONSTRUCCION Y SERVICIOS ELECTRICOS SAS,,,,,,Piedecuesta,SANTANDER,,false
901809308-5,ASESORiA PROFESIONAL EN INGENIERiA S.A.S,ASPRO.INGESAS@GMAIL.COM,luis.arguellocala@gmail.com,3168772480,,CR 21 38 11 AP 1807,BUCARAMANGA,SANTANDER,https://www.datos.gov.co/Estad-sticas-Nacionales/SECOP-II-Proveedores-Registrados/qmzu-gj57,true
901810512-3,RICOG GREEN ENERGY S.A.S.,,,,,,Bucaramanga,SANTANDER,,false
901811419-0,SOCIEDAD INTEGRAL DISTRIBUCIONES DE HIDROCARBUROS Y DERIVADOS S.A.S.,,,,,,Piedecuesta,SANTANDER,,false
901811872-4,TERRAMAPS S.A.S.,,,,,,Floridablanca,SANTANDER,,false
901813155-0,FAINM SAS,FAINMANSAS@HOTMAIL.COM,fainmansas@hotmail.com,3115570211,,CALLE 14 # 15 - 16,RIONEGRO,SANTANDER,https://www.datos.gov.co/Estad-sticas-Nacionales/SECOP-II-Proveedores-Registrados/qmzu-gj57,true
901813272-4,ENERGIAS RENOVABLES Y DOMOTICA SAS,EDSOLUCIONES.COMERCIAL@GMAIL.COM,edsoluciones.comercial@gmail.com,3045967571,,CRA 27 # 63 - 18 APARTAMENTO 1007,BUCARAMANGA,SANTANDER,https://www.datos.gov.co/Estad-sticas-Nacionales/SECOP-II-Proveedores-Registrados/qmzu-gj57,true
901813357-1,TEK ANDINO S.A.S.,,,,,,Bucaramanga,SANTANDER,,false
901814373-4,JGM INGENIERIA Y CONSULTORIA S.A.S.,,,,,,Floridablanca,SANTANDER,,false
901814469-2,CONSULTORES EN MANTENIMIENTO Y MONTAJE DE OBRAS CIVILES S.A.S,,,,,,Floridablanca,SANTANDER,,false
901815077-3,"TOPOGRAFIA, HIDROLOGIA, INGENIERIA, SISTEMA DE INFORMACION GEOGRAFICA S.A.S.",LICITACIONESYPROYECTOSV@GMAIL.COM,licitacionesyproyectosv@gmail.com,3175859336,,CARRERA 27 # 37 -  33 OFICINA 804 EDIFICIO GREEN GOLD,BUCARAMANGA,SANTANDER,https://www.datos.gov.co/Estad-sticas-Nacionales/SECOP-II-Proveedores-Registrados/qmzu-gj57,true
901815336-6,SOLUCIONES Y SERVICIOS D&M S.A.S,,,,,,Piedecuesta,SANTANDER,,false
901815903-2,D&S ECOSOLUCIONES SAS,,,,,,Floridablanca,SANTANDER,,false
901818427-1,BAUINFRASTRUKTUR S.A.S.,,,,,,Floridablanca,SANTANDER,,false
901818753-8,JL INGENIERIA SOLUCIONES INTEGRALES S.A.S.,,,,,,Floridablanca,SANTANDER,,false
901819077-1,GEOSTAKE INGENIERIA S.A.S.,PROYECTOS@GEOSTAKEINGENIERIA.COM,proyectos@geostakeingenieria.com,3168203399,WWW.GEOSTAKEINGENIERIA.COM,CR 17 18-80,SAN GIL,SANTANDER,https://www.datos.gov.co/Estad-sticas-Nacionales/SECOP-II-Proveedores-Registrados/qmzu-gj57,true
901821241-1,ELECTRICIDAD INDUSTRIAL INGENIERIA S.A.S.,,,,,,Bucaramanga,SANTANDER,,false
901825777-3,SGL INGENIERIA Y CONSULTORIA SAS,,,,,,Bucaramanga,SANTANDER,,false
901827724-2,GRUPO EMPRESARIAL DE COLOMBIA TALLER CREATIVO S.A.S,BERCELLY07@GMAIL.COM,creacreativo@outlook.com,3167412691,,CALLE 102 A 11-42 CONDADO DE GIBRALTAR,BUCARAMANGA,SANTANDER,https://www.datos.gov.co/Estad-sticas-Nacionales/SECOP-II-Proveedores-Registrados/qmzu-gj57,true
901828026-4,ANKARO AUTOMATIZACIONES S.A.S.,,,,,,Bucaramanga,SANTANDER,,false
901828498-7,EFFORT INGENIERIA SAS,,,,,,Floridablanca,SANTANDER,,false
901828574-9,GEOPERFORACIONES FF SAS,,,,,,Bucaramanga,SANTANDER,,false
901829262-0,PEREZ SOLUCIONES INTEGRALES DE INGENIERIA S.A.S,,,,,,Piedecuesta,SANTANDER,,false
901829422-2,INGSUN COLOMBIA S.A.S.,,,,,,Bucaramanga,SANTANDER,,false
901829580-8,INVERSIONES LA SERRANA S.A.S,,,,,,Aratoca,SANTANDER,,false
901830098-0,TERGAS S.A.S E.S.P,,,,,,Bucaramanga,SANTANDER,,false
901831372-9,AS& ASESORIAS & SOLUCIONES INTEGRALES S.A.S,,,,,,Bucaramanga,SANTANDER,,false
901832441-3,"CREAMOS, AYUDAMOS & SOLUCIONAMOS S.A.S.",,,,,,Bucaramanga,SANTANDER,,false
901832547-5,I.C.A. SOLUCIONES S.A.S.,,,,,,Bucaramanga,SANTANDER,,false
901833042-2,INGESEM CONSTRUCCIONES S.A.S.,,,,,,Simacota,SANTANDER,,false
901833182-5,ELECTRICAS DE SANTANDER SAS,,,,,,Piedecuesta,SANTANDER,,false
901833418-8,CIVIL WORKS INGENIERIA INTEGRAL SAS,INGENIERIA.CIVILWORKS@GMAIL.COM,ingenieria.civilworks@gmail.com,3143287760,,CARRERA 9 NO.14A-27 PISO 2,MaLAGA,SANTANDER,https://www.datos.gov.co/Estad-sticas-Nacionales/SECOP-II-Proveedores-Registrados/qmzu-gj57,true
901833592-1,VELAGUI GRUPO EMPRESARIAL S.A.S.,,,,,,El Peñon,SANTANDER,,false
901833855-3,DISTRIBUIDORA DE GASES INDUSTRIALES DEL ORIENTE COLOMBIANO S.A.S,,,,,,Floridablanca,SANTANDER,,false
901834160-8,ENERGY TEAM SOLUTION S.A.S.,,,,,,Bucaramanga,SANTANDER,,false
901835570-9,PALO ARQUITECTURA E INGENIERIA S.A.S BIC.,PALO.ARQUITECTURAINGENIERIA@GMAIL.COM,palo.arquitecturaingenieria@gmail.com,3016455603,,CARRERA 27 # 36 - 38 OFICINA 209,BUCARAMANGA,SANTANDER,https://www.datos.gov.co/Estad-sticas-Nacionales/SECOP-II-Proveedores-Registrados/qmzu-gj57,true
901839477-1,INGESUES SAS,INGESUESSAS@GMAIL.COM,INGESUESSAS@GMAIL.COM,3104705516,,CARRERA 27 # 69 - 22,BUCARAMANGA,SANTANDER,https://www.datos.gov.co/Estad-sticas-Nacionales/SECOP-II-Proveedores-Registrados/qmzu-gj57,true
901839617-4,IVT INGENIERIA Y PROYECTOS ZOMAC S.A.S.,,,,,,Bucaramanga,SANTANDER,,false
901839974-9,ARMONIA ENERGETICA DE COLOMBIA,GERENCIA.GRUPOAECO@OUTLOOK.COM,gerencia.grupoaeco@outlook.com,3174868549,,CARRERA 20 22 41,BUCARAMANGA,SANTANDER,https://www.datos.gov.co/Estad-sticas-Nacionales/SECOP-II-Proveedores-Registrados/qmzu-gj57,true
901843120-1,GRUPO GONDI SAS,,,,,,Bucaramanga,SANTANDER,,false
901845087-5,ACEITES CHICAMOCHA SAS,,,,,,Piedecuesta,SANTANDER,,false
901845571-9,KPI ASSET MANAGEMENT SOLUTIONS SAS,,,,,,Bucaramanga,SANTANDER,,false
901846214-9,SUMINISTROS PETROLEROS CSM S.A.S.,,,,,,Bucaramanga,SANTANDER,,false
901846704-6,DITORO TECH S.A.S.,,,,,,Bucaramanga,SANTANDER,,false
901850383-0,SERVI INGENIERIA INTEGRAL S.A.S.,,,,,,Charta,SANTANDER,,false
901851425-6,AVANZA MP SAS,AVANZAMPSAS@GMAIL.COM,avanzampsas@gmail.com,3170067034,,DIAGONAL 13 # 60 -  82,PIEDECUESTA,SANTANDER,https://www.datos.gov.co/Estad-sticas-Nacionales/SECOP-II-Proveedores-Registrados/qmzu-gj57,true
901851558-7,GRUPOVITAL S.A.S,,,,,,Bucaramanga,SANTANDER,,false
901851746-5,EDS PUENTE NACIONAL RT S.A.S,,,,,,Puente Nacional,SANTANDER,,false
901852457-6,ARBATTI,ARBATTI.GERENCIA@GMAIL.COM,arbatti.gerencia@gmail.com,3163891037,,CARRERA 22 # 151-40 OF-B8,FLORIDABLANCA,SANTANDER,https://www.datos.gov.co/Estad-sticas-Nacionales/SECOP-II-Proveedores-Registrados/qmzu-gj57,true
901852531-3,SOL - END S.A.S,,,,,,Giron,SANTANDER,,false
901852650-1,GEOINGENIERIA Y LOGISTICA S.A.S.,,,,,,Floridablanca,SANTANDER,,false
901854618-4,YELLOW ON SOLAR SOLUTIONS S.A.S,,,,,,Bucaramanga,SANTANDER,,false
901857353-1,CS CONEXIONES S.A.S,,,,,,Piedecuesta,SANTANDER,,false
901858686-3,4D PLUS S.A.S.,,,,,,Bucaramanga,SANTANDER,,false
901859775-5,M & S ASSOCIATE S.A.S.,,,,,,Floridablanca,SANTANDER,,false
901860462-7,RJ INSTALACIONES ELECTRICAS Y COMUNICACIONES S.A.S,,,,,,Piedecuesta,SANTANDER,,false
901860972-1,CDA BARROBLANCO SAS,,,,,,Piedecuesta,SANTANDER,,false
901861549-3,SOFISTEC INGENIERIA S.A.S.,,,,,,Bucaramanga,SANTANDER,,false
901862517-2,ELECTRISANZ ENGINEER SAS,,,,,,Giron,SANTANDER,,false
901863417-9,TECH AGRO S.A.S.,,,,,,Bucaramanga,SANTANDER,,false
901864060-8,A&G IMPERIAL INVERSIONES SAS,,,,,,Bucaramanga,SANTANDER,,false
901864189-9,CONSTRUCCIONES DELGADO FUENTES SAS,,,,,,Bucaramanga,SANTANDER,,false
901866840-5,GROUP GREEN SOLUTIONS S.A.S.,,,,,,Bucaramanga,SANTANDER,,false
901868091-4,EUROPA D8 S.A.S.,,,,,,Bucaramanga,SANTANDER,,false
901869877-0,ICC SAS,CONTABILIDAD@ICCSASENERGY.COM,cristian.c@iccsasenergy.com,3138573080,HTTPS://ICCSASENERGY.COM/,CL 31 # 33 B - 73,BUCARAMANGA,SANTANDER,https://www.datos.gov.co/Estad-sticas-Nacionales/SECOP-II-Proveedores-Registrados/qmzu-gj57,true
901870727-6,SEGURITIC CONSULTORES S.A.S.,JENNY.SANCHEZ@SEGURITICONSULTORES.COM,jenny.sanchez@seguriticonsultores.com,3153990143,HTTPS://WWW.SEGURITICONSULTORES.COM/,CALLE 108 # 22 A 119 BARRIO PROVENZA,BUCARAMANGA,SANTANDER,https://www.datos.gov.co/Estad-sticas-Nacionales/SECOP-II-Proveedores-Registrados/qmzu-gj57,true
901873471-1,ELECTROWORLD SOLUTIONS S.A.S,,,,,,Bucaramanga,SANTANDER,,false
901874062-5,"ESTRUCTURAS VERDES INGENIERIA, ASESORIAS Y CONSTRUCCION SAS",,,,,,Bucaramanga,SANTANDER,,false
901874464-2,SAYAB INGENIERIA SOSTENIBLE SAS,,,,,,Bucaramanga,SANTANDER,,false
901875197-5,LAND COLOMBIA S.A.S- E.S.P,,,,,,Socorro,SANTANDER,,false
901875602-7,PROYECTOS & ASESORIAS INTEGRALES SAS,,,,,,Floridablanca,SANTANDER,,false
901881562-5,SML SOLUCIONES GLOBALES S.A.S.,,,,,,Bucaramanga,SANTANDER,,false
901885241-4,MC CONSULTORES Y CONSTRUCTORES SAS,MCCONSULTORESYCONSTRUCTORES@GMAIL.COM,mcconsultoresyconstructores@gmail.com,3159288799,,CALLE 8 # 18 - 31 BARRIO LIMONCITO FLORIDABLANCA SANTANDER,FLORIDABLANCA,SANTANDER,https://www.datos.gov.co/Estad-sticas-Nacionales/SECOP-II-Proveedores-Registrados/qmzu-gj57,true
901885627-3,CARLOS PRADA SERVICIOS ELECTRICOS E INGENIERIAS S.A.S.,,,,,,Piedecuesta,SANTANDER,,false
901885743-1,SEGIMA CONSULTORES S.A.S,,,,,,Floridablanca,SANTANDER,,false
901885830-2,GAMA INGENIERIA Y TRANSPORTES S.A.S,,,,,,Piedecuesta,SANTANDER,,false
901886288-4,DYC INGENIEROS SAS,,,,,,Bucaramanga,SANTANDER,,false
901886311-6,INPROCO COLOMBIA S.A.S.,,,,,,Bucaramanga,SANTANDER,,false
901887554-3,EL CARRIZAL COTA 1000 S.A.S E.S.P.,,,,,,Giron,SANTANDER,,false
901887904-8,LAV INGENIEROS S.A.S.,,,,,,Bucaramanga,SANTANDER,,false
901888295-5,SYNERGY LOGISTICA E INGENIERIA S.A.S.,SYNERGYLOGISTICA.SAS@GMAIL.COM,synergylogistica.sas@gmail.com,3183923013,,CIRCUNVALAR 36 A 104 - 47 FLORIDABLANCA - SANTANDER,FLORIDABLANCA,SANTANDER,https://www.datos.gov.co/Estad-sticas-Nacionales/SECOP-II-Proveedores-Registrados/qmzu-gj57,true
901889519-4,E Y G SERVICIOS INTEGRALES S.A.S,,,,,,Bucaramanga,SANTANDER,,false
901890036-0,INGELEC PROYEC S.A.S.,,,,,,Bucaramanga,SANTANDER,,false
901890571-1,HS ENERGY SAS,,,,,,Bucaramanga,SANTANDER,,false
901890781-1,CH4 ORIGE S.A.S.,,,,,,Bucaramanga,SANTANDER,,false
901891351-0,FUSION SYSTEM TICS SAS,FUSIONSASTIC@GMAIL.COM,fusionsastic@gmail.com,3166740500,,CL 107 21A 22 BRR PROVENZA,BUCARAMANGA,SANTANDER,https://www.datos.gov.co/Estad-sticas-Nacionales/SECOP-II-Proveedores-Registrados/qmzu-gj57,true
901892826-1,ELECTITUD SAS,,,,,,Bucaramanga,SANTANDER,,false
901893377-0,J&J GESTION ENERGY EMPRESA DE SERVICIOS PUBLICOS S.A.S. E.S.P.,,,,,,Bucaramanga,SANTANDER,,false
901893862-1,INGENER COLOMBIA SAS,,,,,,Floridablanca,SANTANDER,,false
901896128-7,SKYSCRAPERS. S.A.S.,,,,,,Bucaramanga,SANTANDER,,false
901896395-7,GEOINGENIA S.A.S,,,,,,Bucaramanga,SANTANDER,,false
901896841-0,CONSULTORES MINEROS ESPECIALIZADOS SAS,,,,,,Bucaramanga,SANTANDER,,false
901896902-1,"INGENIEROS CIVILES,MINEROS,GEOLOGOS S.A.S.",,,,,,Bucaramanga,SANTANDER,,false
901896932-2,"GEODESCO GEOTECHNICS, DESIGN AND CONSTRUCTION S.A.S.",,,,,,Bucaramanga,SANTANDER,,false
901897156-8,AFRICANO HVAC S.A.S.,,,,,,Bucaramanga,SANTANDER,,false
901897171-9,KITROS S.A.S.,,,,,,Bucaramanga,SANTANDER,,false
901897177-2,MR INGENIERIA Y CONSTRUCCIONES S.A.S.,,,,,,Valle De San Jose,SANTANDER,,false
901899129-8,SERVICIOS ELECTRICOS Y COMUNICACIONES-VITALELECTRICOS S.A.S.,,,,,,Giron,SANTANDER,,false
901900336-1,PERITAJES TECNICOS S.A.S.,,,,,,Giron,SANTANDER,,false
901900819-5,BUT GROUP S.A.S.,,,,,,Bucaramanga,SANTANDER,,false
901900954-1,DATA STREAM DS S.A.S.,,,,,,Floridablanca,SANTANDER,,false
901900993-9,"CONSTRUCTORA TORRES & MARTINEZ ""CONSTRUCTORRES S.A.S""",,,,,,Floridablanca,SANTANDER,,false
901902466-8,EMPRESA NACIONAL ESTATAL DE DESARROLLO TERRITORIAL S.A.S,,,,,,Bucaramanga,SANTANDER,,false
901902853-5,INGENERIA SAS.,,,,,,Bucaramanga,SANTANDER,,false
901903564-6,ARDILA INGENIERIA Y CONSULTORIA S.A.S.,,,,,,Piedecuesta,SANTANDER,,false
901903613-9,NOVAKAI S.A.S. ESP,,,,,,Bucaramanga,SANTANDER,,false
901904233-8,DATAPRO ANALITICA SAS,,,,,,Floridablanca,SANTANDER,,false
901904253-5,"""ENERGYOIL SAS ESP.""",,,,,,Giron,SANTANDER,,false
901904291-5,PROCOAL ENCISO S.A.S.,,,,,,Enciso,SANTANDER,,false
901906256-6,MULTISISTEMAS MDS S.A.S,,,,,,Bucaramanga,SANTANDER,,false
901906489-5,SOLUCIONES DE INGENIERIA SC,SOLUCIONESINGSC@GMAIL.COM,solucionesingsc@gmail.com,3156006003,,CALLE 19 # 31 - 45 APARTAMENTO 1001 EDIFICIO PALLADIUM,BUCARAMANGA,SANTANDER,https://www.datos.gov.co/Estad-sticas-Nacionales/SECOP-II-Proveedores-Registrados/qmzu-gj57,true
901907148-3,EN OBRA SOLUCIONES SAS,,,,,,Bucaramanga,SANTANDER,,false
901907316-4,CONSULTORES ESPECIALIZADOS EN MOVILIDAD Y TRANSPORTE - CEMT S.A.S.,CEMT.SAS@GMAIL.COM,ing.sergiogj@gmail.com,3026669848,WWW.CEMTSAS.COM,CALLE 33 #86-76,BUCARAMANGA,SANTANDER,https://www.datos.gov.co/Estad-sticas-Nacionales/SECOP-II-Proveedores-Registrados/qmzu-gj57,true
901907813-3,CLEAN ENERGY GROUP S.A.S.,,,,,,Floridablanca,SANTANDER,,false
901909128-5,B&T INGENIERIA S.A.S.,,,,,,Bucaramanga,SANTANDER,,false
901911064-9,MF CONSTRUCCIONES E INGENIERIA S.A.S.,,,,,,Lebrija,SANTANDER,,false
901911666-2,GRUPO R7274 S.A.S BIC,,,,,,San Gil,SANTANDER,,false
901912169-8,SP DISEÑOS E INGENIERIA SAS,SPINGENIERIASAS.ADM@GMAIL.COM,spingenieriasas.adm@gmail.com,3143931590,,CALLE 6 NO. 6-14 OFICINA 403,FLORIDABLANCA,SANTANDER,https://www.datos.gov.co/Estad-sticas-Nacionales/SECOP-II-Proveedores-Registrados/qmzu-gj57,true
901913786-7,DISEÑO ARQUITECTURA Y CONSTRUCCION EN OBRAS DE INGENIERIA SAS,DISARCOINSAS@YAHOO.COM,santiagoleon2002@gmail.com,3206437829,,CALLE 3 # 5-37,MOGOTES,SANTANDER,https://www.datos.gov.co/Estad-sticas-Nacionales/SECOP-II-Proveedores-Registrados/qmzu-gj57,true
901913945-1,WCASTRO SOLUCIONES ELECTRICAS SAS,,,,,,Floridablanca,SANTANDER,,false
901914194-1,GEO-X S.A.S.,,,,,,Bucaramanga,SANTANDER,,false
901915050-4,WILLIAM SOCHA SAS,,,,,,Piedecuesta,SANTANDER,,false
901915523-6,GAS AL DIA SAS ESP,,,,,,Floridablanca,SANTANDER,,false
901915534-7,SALCEDO AMAYA ASOCIADOS S.A.S,,,,,,Oiba,SANTANDER,,false
901915563-0,SG ENERGIA SAS,,,,,,Bucaramanga,SANTANDER,,false
901916040-5,SOLUCIONES ECOSOLAR D&O S.A.S.,,,,,,Galan,SANTANDER,,false
901916123-8,VIGACOL CONSTRUCCION E INGENIERIA SAS,VIGACOL.PROYECTOS@GMAIL.COM,vigacol.proyectos@gmail.com,3159545933,,CRA 33 47 - 39,BUCARAMANGA,SANTANDER,https://www.datos.gov.co/Estad-sticas-Nacionales/SECOP-II-Proveedores-Registrados/qmzu-gj57,true
901917382-3,789 INGENIERIA SAS,,,,,,Bucaramanga,SANTANDER,,false
901918518-2,DC INGENIERIA Y SERVICIOS SAS,,,,,,Bucaramanga,SANTANDER,,false
901918660-0,SOWTEK SAS,,,,,,Malaga,SANTANDER,,false
901919327-7,TOPCONS,FRANJAES_96@HOTMAIL.COM,topcons.col@gmail.com,3223637706,,CRRERA 49 # 27-120,BUCARAMANGA,SANTANDER,https://www.datos.gov.co/Estad-sticas-Nacionales/SECOP-II-Proveedores-Registrados/qmzu-gj57,true
901921213-2,BARICHARA SOLAR S.A.S,,,,,,Villanueva,SANTANDER,,false
901922907-1,MCCA SAS,SASMCCA@GMAIL.COM,sasmcca@gmail.com,3003324888,,VEREDA LA VENTA CONJUNTO LOMAS DEL CAMPESTRE CASA 23,PIEDECUESTA,SANTANDER,https://www.datos.gov.co/Estad-sticas-Nacionales/SECOP-II-Proveedores-Registrados/qmzu-gj57,true
901923116-5,MURSAN INGENIERIA S.A.S.,,,,,,Barichara,SANTANDER,,false
901923169-5,MULTIPLICADORES DE VALOR SAS,,,,,,Floridablanca,SANTANDER,,false
901924603-5,MAINTENANCE AND ASSET CARE S.A.S.,,,,,,Piedecuesta,SANTANDER,,false
901925272-5,TERRAGREEN SOLUTIONS INGENIERIA SOSTENIBLE SAS BIC,,,,,,Bucaramanga,SANTANDER,,false
901925289-1,SERVICIOS E INGENIERIA SIGAS S.A.S,,,,,,Floridablanca,SANTANDER,,false
901925372-3,PROYECTOS E INVERSIONES DIVINO SALVADOR S.A.S,,,,,,Bucaramanga,SANTANDER,,false
901925408-1,SOLUCIONES ELECTRICAS Y COMUNICACIONES TNM S.A.S.,,,,,,Bucaramanga,SANTANDER,,false
901926188-9,ALMERA PROYECTOS Y CONSULTORIA SAS,ALMERASAS@HOTMAIL.COM,almerasas@hotmail.com,3102751860,,CARRERA 28A # 40 - 114,BUCARAMANGA,SANTANDER,https://www.datos.gov.co/Estad-sticas-Nacionales/SECOP-II-Proveedores-Registrados/qmzu-gj57,true
901927135-3,INVERSIONES SALENTO VELEZ SAS,,,,,,Velez,SANTANDER,,false
901929708-2,POLARIX ENERGY S.A.S.,,,,,,Bucaramanga,SANTANDER,,false
901930441-3,SOLUCIONES Y SERVICIOS INTEGRALES SI S.A.S.,,,,,,Socorro,SANTANDER,,false
901931594-6,SOMOS ENERGIA S.A.S.,,,,,,Bucaramanga,SANTANDER,,false
901931902-1,INGENIERIA RSE,GERENCIA@INGENIERIARSE.COM,gerencia@ingenieriarse.com,3002474923,,CALLE 47 # 22 - 55,BUCARAMANGA,SANTANDER,https://www.datos.gov.co/Estad-sticas-Nacionales/SECOP-II-Proveedores-Registrados/qmzu-gj57,true
901932047-3,SOLARTIC S.A.S.,,,,,,Bucaramanga,SANTANDER,,false
901932096-4,MONTAJES ELECTRICOS Y COMUNICACIONES A.M S.A.S,,,,,,Bucaramanga,SANTANDER,,false
901933065-0,INVERSIONES FENIX R&R S.A.S.,,,,,,Floridablanca,SANTANDER,,false
901933077-9,HECO ECO S.A.S.,,,,,,Bucaramanga,SANTANDER,,false
901933263-2,SOLAR CONNECT SOLUTIONS S.A.S.,,,,,,Floridablanca,SANTANDER,,false
901933609-7,BASIC ENERGY SERVICES S.A.S.,,,,,,Floridablanca,SANTANDER,,false
901934385-7,SMARTLUBE SAS,,,,,,Bucaramanga,SANTANDER,,false
901935401-1,VERDALIS CONSULTING GROUP S.A.S.,,,,,,Bucaramanga,SANTANDER,,false
901935555-7,GRUPO EMPRESARIAL AGROSOLAR DC S.A.S.,,,,,,Bucaramanga,SANTANDER,,false
901935840-1,REVIND GROUP S.A.S.,,,,,,Bucaramanga,SANTANDER,,false
901935933-8,INGENIERIA SOCIEDAD DE SOLUCIONES S.A.S.,,,,,,Floridablanca,SANTANDER,,false
901936155-9,SERVICIOS E INVERSIONES SAN CAYETANO SAS,,,,,,Zapatoca,SANTANDER,,false
901936801-9,ARC VEINTIDOS SAS,,,,,,Bucaramanga,SANTANDER,,false
901936845-2,CONSTRUYENDO SUEÑOS AA S.A.S.,,,,,,Giron,SANTANDER,,false
901936860-3,ANDES CONSTRUCCION & CONSULTORIA S.A.S.,ANDESCONSTRUCCIONYCONSULTORIA@GMAIL.COM,andesconstruccionyconsultoria@gmail.com,3156721471,,CARRERA 10 # 9 - 31 OFICINA 107,SAN GIL,SANTANDER,https://www.datos.gov.co/Estad-sticas-Nacionales/SECOP-II-Proveedores-Registrados/qmzu-gj57,true
901937291-7,SMART AS ENERGY SAS,SMARTASENERGY@GMAIL.COM,smartasenergy@gmail.com,3118291245,,CARRERA 26A #9-43,BUCARAMANGA,SANTANDER,https://www.datos.gov.co/Estad-sticas-Nacionales/SECOP-II-Proveedores-Registrados/qmzu-gj57,true
901938351-5,OREXSYS ENGINEERING S.A.S.,,,,,,Bucaramanga,SANTANDER,,false
901941206-6,INGENIEROS REYES RUEDA SAS,,,,,,Bucaramanga,SANTANDER,,false
901941619-4,GAS LLAMA AZUL S.A.S E.S.P,,,,,,San Gil,SANTANDER,,false
901942051-6,OP HERNANDEZ S.A.S.,,,,,,Bucaramanga,SANTANDER,,false
901942683-0,AVANZAR CONSULTOR SAS,ADMONAGP2019@GMAIL.COM,admonagp2019@gmail.com,3154314343,,CALLE 34 # 26 -  37,FLORIDABLANCA,SANTANDER,https://www.datos.gov.co/Estad-sticas-Nacionales/SECOP-II-Proveedores-Registrados/qmzu-gj57,true
901942778-1,MARS SERVICIOS PROFESIONALES SAS,,,,,,Giron,SANTANDER,,false
901943164-4,ENERGIA E INGENIERIA CIVIL SOLUCIONES SAS,,,,,,Bucaramanga,SANTANDER,,false
901943539-2,PROGRESIO SOLUTIONS S.A.S,,,,,,Bucaramanga,SANTANDER,,false
901944028-5,BIOMEDICA 360 S.A.S.,,,,,,Bucaramanga,SANTANDER,,false
901944244-1,BCNOVA S.A.S,,,,,,Floridablanca,SANTANDER,,false
901944358-0,INGENIERÍA Y SUMINISTROS TECNOLÓGICOS S.A.S.,,,,,,San Miguel,SANTANDER,,false
901944712-5,PARTICKLE SERVICIOS S.A.S.,,,,,,Bucaramanga,SANTANDER,,false
901944861-4,GEO_SUR S.A.S.,,,,,,Bolivar,SANTANDER,,false
901945282-4,INGENIERIA Y CONSTRUCCIONES BUILD S.A.S,,,,,,Piedecuesta,SANTANDER,,false
901951077-5,E4R ENERGIAS Y PROYECTOS S.A.S.,,,,,,Bucaramanga,SANTANDER,,false
901951214-8,MC POWER ENERGY SAS,,,,,,Bucaramanga,SANTANDER,,false
901951548-2,TERA INGENIERIA Y DISEÑOS S.A.S.,,,,,,Bucaramanga,SANTANDER,,false
901951734-6,GRUPO EMPRESARIAL CHAJIN S.A.S,,,,,,Floridablanca,SANTANDER,,false
901952031-1,GAIA CONSULTING COLOMBIA SAS BIC,GAIACONSULTINGSASBIC25@GMAIL.COM,gaiaconsultingsasbic25@gmail.com,3188543759,,CALLE 12 NO. 8-05 OFICINA 102,SAN GIL,SANTANDER,https://www.datos.gov.co/Estad-sticas-Nacionales/SECOP-II-Proveedores-Registrados/qmzu-gj57,true
901952324-4,MITOFLUIDICS SAS,,,,,,Floridablanca,SANTANDER,,false
901952422-8,SERVICIOS JOEL S.A.S.,,,,,,Rionegro,SANTANDER,,false
901952447-1,EDS LA CASTELLANA UNO SAS,,,,,,Bucaramanga,SANTANDER,,false
901952494-8,SOLUCIONES VERTICALES A&M S.A.S.,,,,,,Floridablanca,SANTANDER,,false
901952655-7,OG INGENIERIA & SUMINISTROS S.A.S.,,,,,,Bucaramanga,SANTANDER,,false
901953407-1,ELECTRICOS J.N S.A.S.,,,,,,Floridablanca,SANTANDER,,false
901953447-6,CONSTELAR SOLUCIONES S.A.S.,,,,,,Bucaramanga,SANTANDER,,false
901955634-6,SLOGIN SERVICIOS LOGICOS INDUSTRIALES S.A.S.,,,,,,Piedecuesta,SANTANDER,,false
901955995-1,FPG CONSULTING S.A.S.,FPGCONSULTINGSAS@GMAIL.COM,fpgconsultingsas@gmail.com,3187353205,,CARRERA 18 NO. 45-77,BUCARAMANGA,SANTANDER,https://www.datos.gov.co/Estad-sticas-Nacionales/SECOP-II-Proveedores-Registrados/qmzu-gj57,true
901956204-7,RENOVA INTERVENTORiA Y CONSULTORiA S.A.S.,RENOVAINTERCON@GMAIL.COM,renovaintercon@gmail.com,3187153893,,CALLE 45 NO: 11A40,FLORIDABLANCA,SANTANDER,https://www.datos.gov.co/Estad-sticas-Nacionales/SECOP-II-Proveedores-Registrados/qmzu-gj57,true
901959192-0,PSICOACUSTICA S.A.S.,,,,,,Piedecuesta,SANTANDER,,false
901960046-5,PROINZA S.A.S,DZAFRA28@GMAIL.COM,dzafra28@gmail.com,3176606181,,CRA 40 #48-33 EDIFICIO CASA 40 APTO 1804,BUCARAMANGA,SANTANDER,https://www.datos.gov.co/Estad-sticas-Nacionales/SECOP-II-Proveedores-Registrados/qmzu-gj57,true
901960325-5,ADN SOSTENIBLE SAS BIC,ADNSOSTENIBLE@GMAIL.COM,adnsostenible@gmail.com,3187837578,,CRA 21 99-13,BUCARAMANGA,SANTANDER,https://www.datos.gov.co/Estad-sticas-Nacionales/SECOP-II-Proveedores-Registrados/qmzu-gj57,true
901960934-0,INVERSIONES EVACOM S.A.S.,,,,,,Bucaramanga,SANTANDER,,false
901961117-4,"""GOMEP CONSULMIN S.A.S.""",,,,,,Bucaramanga,SANTANDER,,false
901961291-8,ECOSUSTENTIA S.A.S,,,,,,Piedecuesta,SANTANDER,,false
901961825-0,KRONEX INGENIERIA S.A.S,,,,,,Bucaramanga,SANTANDER,,false
901961840-1,INVERTEK GLOBAL S.A.S.,,,,,,Bucaramanga,SANTANDER,,false
901962072-6,COINDI INGENIERIA Y CONSULTORIA S.A.S.,,,,,,Floridablanca,SANTANDER,,false
901962294-4,LC OILTECH SAS,,,,,,Floridablanca,SANTANDER,,false
901965719-6,NEXUS MINING STRATEGIES S.A.S.,,,,,,Bucaramanga,SANTANDER,,false
901966156-4,BAHIA GOL S.A.S,,,,,,Socorro,SANTANDER,,false
901966349-9,MARVENTO S.A.S,,,,,,Floridablanca,SANTANDER,,false
901966501-2,TECNIGROWTH - TECNOLOGIA EN CRECIMIENTO SAS,,,,,,Bucaramanga,SANTANDER,,false
901967290-8,MAPEUM SAS,INFO@MAPEUM.COM,proyectos@mapeum.com,3024717373,WWW.MAPEUM.COM,CALLE 9A # 9-13 OF 301,BARBOSA,SANTANDER,https://www.datos.gov.co/Estad-sticas-Nacionales/SECOP-II-Proveedores-Registrados/qmzu-gj57,true
901967810-8,TECHNOPROJECT S.A.S.,,,,,,Piedecuesta,SANTANDER,,false
901968305-4,ORIZON CONSULTORIA Y CONSTRUCCION S.A.S,,,,,,Piedecuesta,SANTANDER,,false
901968582-8,ALLPRO INGENIERIA & SERVICIOS SAS,,,,,,Bucaramanga,SANTANDER,,false
901968670-8,SOLUCIONES ELECTRICAS DEL ORIENTE SAS,,,,,,Piedecuesta,SANTANDER,,false
901969105-2,MI PERITAJE S.A.S,,,,,,Bucaramanga,SANTANDER,,false
901969614-1,ANALISIS QUIMICOS AMBIENTALES S.A.S.,,,,,,Piedecuesta,SANTANDER,,false
901970036-4,INGEOMETRICA S.A.S.,,,,,,Piedecuesta,SANTANDER,,false
901971111-3,INERVOLTIA S.A.S.,,,,,,Bucaramanga,SANTANDER,,false
901971196-9,INGENIERIA Y ARQUITECTURA URBANA SAS,,,,,,Bucaramanga,SANTANDER,,false
901971792-9,PROCIEL INGENIERIA S.A.S.,,,,,,Bucaramanga,SANTANDER,,false
901972276-4,ESTACION DE SERVICIO VALLE DE SAN JOSE RC S.A.S.,,,,,,Valle De San Jose,SANTANDER,,false
901972723-5,INGENIERIA Y GESTION GLOBAL ELECTRICOS S.A.S,,,,,,Floridablanca,SANTANDER,,false
901973265-8,INVERSIONES PICON ANGARITA S.A.S.,,,,,,Piedecuesta,SANTANDER,,false
901974053-8,JM TOPOGRÁFIA SAS,,,,,,Lebrija,SANTANDER,,false
901974127-4,AUTEK SAS,,,,,,Floridablanca,SANTANDER,,false
901974550-7,KIKES ENERGY S.A.S. E.S.P.,,,,,,Piedecuesta,SANTANDER,,false
901976382-5,ARQMINEX S.A.S.,,,,,,Bucaramanga,SANTANDER,,false
901978875-3,SERVICIOS INTEGRALES E INGENIERIA RACMI S.A.S,,,,,,Bucaramanga,SANTANDER,,false
901979975-6,PHC COL S.A.S.,,,,,,Bucaramanga,SANTANDER,,false
901981235-0,CORESYSTEM ENERGY S.A.S.,,,,,,Piedecuesta,SANTANDER,,false
901981441-1,DISTRIEBENEEZER S.A.S.,,,,,,Floridablanca,SANTANDER,,false
901981722-6,TECNOVOLT SOLAR S.A.S,,,,,,Bucaramanga,SANTANDER,,false
901983989-4,INTEGRIDAD DE ACTIVOS Y MATERIALES DE COLOMBIA S.A.S,,,,,,Bucaramanga,SANTANDER,,false
901984422-5,ZERENTA S.A.S.,,,,,,Giron,SANTANDER,,false
901984551-7,CDA AUTOCONTROL LA 15 S.A.S.,,,,,,Bucaramanga,SANTANDER,,false
901984980-3,SERVICIOS INTEGRALES DE INGENIERIA S.A.S.- SI INGENIERIA SAS,,,,,,San Gil,SANTANDER,,false
901985508-4,OT ENERGIA SOLAR 1 S.A.S.,,,,,,Bucaramanga,SANTANDER,,false
901985518-8,CORDIYERA INGENIERIA S.A.S,YCGINGENIERIASAS@GMAIL.COM,ycgingenieriasas@gmail.com,3015957486,,CARRERRA 29 #27B-24,GIRoN,SANTANDER,https://www.datos.gov.co/Estad-sticas-Nacionales/SECOP-II-Proveedores-Registrados/qmzu-gj57,true
901985823-1,ELECTROCARS FAST S.A.S,,,,,,Bucaramanga,SANTANDER,,false
901986294-8,ESTACION DE SERVICIO Y COMERCIALIZADORA AUTOMOTRIZ DE OCAMONTE S.A.S.,,,,,,Ocamonte,SANTANDER,,false
901986368-4,INGENISE SAS,INGENISE30@GMAIL.COM,juankossorio30@gmail.com,7639987,,CALLE 200 # 13-36 OFIC. 1403,FLORIDABLANCA,SANTANDER,https://www.datos.gov.co/Estad-sticas-Nacionales/SECOP-II-Proveedores-Registrados/qmzu-gj57,true
901986435-1,BITENERGY S.A.S.,,,,,,Bucaramanga,SANTANDER,,false
901986659-2,OT ENERGIA SOLAR 2 S.A.S.,,,,,,Bucaramanga,SANTANDER,,false
901987102-7,CENTRO DE DIAGNOSTICO AUTOMOTRIZ MIO S.A.S.,,,,,,Giron,SANTANDER,,false
901989150-1,GAIALEX S.A.S.,,,,,,Bucaramanga,SANTANDER,,false
901989931-5,CONSTRUCTIVA CONSULTORIA SAS,CONSTRUCTIVASASEMPRESARIAL@GMAIL.COM,constructivasasempresarial@gmail.com,3176446297,,CALLE 32 # 8 -41 PLANTA 2,FLORIDABLANCA,SANTANDER,https://www.datos.gov.co/Estad-sticas-Nacionales/SECOP-II-Proveedores-Registrados/qmzu-gj57,true
901990082-9,PALANTIR S.A.S.,,,,,,Bucaramanga,SANTANDER,,false
901990931-7,CENTRO DE DIAGNOSTICO AUTOMOTRIZ EL PRADO S.A.S.,,,,,,Giron,SANTANDER,,false
901991654-6,VORTEX ENERGY S.A.S.,,,,,,Piedecuesta,SANTANDER,,false
901993771-9,CABEZA JAIMES INGENIERIA S.A.S.,,,,,,Bucaramanga,SANTANDER,,false
901993891-4,ELECTRIFICA DISEÑOS CONSULTORIAS E INSTALACIONES SAS,,,,,,Bucaramanga,SANTANDER,,false
901994285-5,PETRA SOSTENIBLE S.A.S.,,,,,,Bucaramanga,SANTANDER,,false
901994362-4,ENERGBERG SOCIEDAD POR ACCIONES SIMPLIFICADAS,,,,,,Bucaramanga,SANTANDER,,false
901994996-3,FRONTERA ANDINA S.A.S.,,,,,,Bucaramanga,SANTANDER,,false
901995272-4,LILIARQ S.A.S,LILIAN.GARCIA@LILIARQ.COM,lilian.garcia@liliarq.com,3017876607,,CRA 20#158-40 APTO 1004 TORRE 3,FLORIDABLANCA,SANTANDER,https://www.datos.gov.co/Estad-sticas-Nacionales/SECOP-II-Proveedores-Registrados/qmzu-gj57,true
901995554-6,EXTRACCIÓN MINERAL JM SAS,,,,,,Rionegro,SANTANDER,,false
901996233-1,TRIADA INGENIEROS S.A.S.,,,,,,Bucaramanga,SANTANDER,,false
901997723-3,PROYECTOS MEDIOAMBIENTALES Y CONSTRUCCION S.A.S.,,,,,,Bucaramanga,SANTANDER,,false
901997739-0,AMBAR LOGISTICA S.A.S,,,,,,Curiti,SANTANDER,,false
901999730-4,GEOVERDEX SAS BIC,,,,,,Piedecuesta,SANTANDER,,false
902001272-3,SARAH PLUS VELAS Y VELADORAS S.A.S.,,,,,,Bucaramanga,SANTANDER,,false
902001453-1,INGEOTOP SIGT SAS,,,,,,Bucaramanga,SANTANDER,,false
902002218-1,GRUPO DELTA TOPOGRAFÍA E INGENIERÍA SAS,,,,,,Bucaramanga,SANTANDER,,false
902003082-1,RIEGOSGENIX SOLUTION SAS.,,,,,,Bucaramanga,SANTANDER,,false
902003438-8,INFRA POWER S.A.S.,,,,,,Bucaramanga,SANTANDER,,false
902004376-4,SERVICIOS Y SUMINISTROS MJ S.A.S,,,,,,Betulia,SANTANDER,,false
902004956-6,PROVEEPLUS LICITACIONES SAS,,,,,,Oiba,SANTANDER,,false
902006263-1,MEDIVER SOLUCIONES INTEGRALES S.A.S,,,,,,Mogotes,SANTANDER,,false
902006296-2,CODESA - CONSTRUCCIONES & SUMINISTROS DE SANTANDER - S.A.S,,,,,,Pinchote,SANTANDER,,false
902006350-2,CONECTAESTADO LICITACIONES SAS,,,,,,Valle De San Jose,SANTANDER,,false
902006427-0,RD CONSTRUCTORA INTEGRADA DE SANTANDER SAS,,,,,,Villanueva,SANTANDER,,false
902007021-9,AS INNOVAR ENERGY SAS,,,,,,Floridablanca,SANTANDER,,false
902009663-6,SUNTECH INGENIERIA S.A.S.,,,,,,Bucaramanga,SANTANDER,,false
902010579-7,CHATCORP TECHNOLOGIES S.A.S.,,,,,,Bucaramanga,SANTANDER,,false
902010800-0,PROVOLT S.Q. S.A.S.,,,,,,Giron,SANTANDER,,false
902010819-1,ELECTRICOMUNICACIONES EYC S.A.S.,,,,,,Bucaramanga,SANTANDER,,false
902010826-1,ENGTECH AUTOMATION CONTROL S.A.S.,,,,,,Floridablanca,SANTANDER,,false
902011251-1,TOPOTERRA CONSULTORES SAS,TOPOTERRACONSULTORES@GMAIL.COM,jspinzon791@hotmail.com,3132449813,HTTPS://WWW.TOPOTERRACONSULTORES.COM/,CALLE 49 #23-151 POBLADO,GIRoN,SANTANDER,https://www.datos.gov.co/Estad-sticas-Nacionales/SECOP-II-Proveedores-Registrados/qmzu-gj57,true
902011526-1,PROYECTOS Y SERVICIOS ELECTRIPUERTAS S.A.S.,,,,,,Bucaramanga,SANTANDER,,false
902012216-8,INGENIERIA & TERRITORIO S.A.S.,,,,,,Floridablanca,SANTANDER,,false
902013514-2,TRUELAB COLOMBIA S.A.S.,,,,,,Bucaramanga,SANTANDER,,false
902013597-3,RIOQUINTO CONSTRUCCIONES S.A.S.,,,,,,Bucaramanga,SANTANDER,,false
902013615-8,GESTIÓN DE OBRAS Y ASESORÍAS TÉCNICAS S.A.S.,,,,,,Bucaramanga,SANTANDER,,false
902013733-9,ENGINEERING AND ENERGY SOLUTIONS SAS.,,,,,,Bucaramanga,SANTANDER,,false
902014195-0,HG ENERGIA SOLAR Y RIEGO SAS,,,,,,Giron,SANTANDER,,false
902015507-1,SANTRY SOLUCIONES INDUSTRIALES S.A.S.,,,,,,Bucaramanga,SANTANDER,,false
902016039-9,C&O SUMINTROS Y CONSTRUCCIONES SAS,COSCSAS@GMAIL.COM,coscsas@gmail.com,3188454756,,CARRERA 21 158 65,FLORIDABLANCA,SANTANDER,https://www.datos.gov.co/Estad-sticas-Nacionales/SECOP-II-Proveedores-Registrados/qmzu-gj57,true
902016321-1,EFUEL ZF S.A.S.,,,,,,Floridablanca,SANTANDER,,false
902016407-6,JNS INGENIERIA SAS,,,,,,Giron,SANTANDER,,false
902017088-4,INGENIERIA Y SUMINISTROS MBA SAS,,,,,,Bucaramanga,SANTANDER,,false
902017111-6,EDS SERVICENTRO LA ROSITA S.A.S.,,,,,,Bucaramanga,SANTANDER,,false
902017346-1,ENERGY BPM S.A.S.,,,,,,Bucaramanga,SANTANDER,,false
902017887-2,SOLIRA ENERGY S.A.S.,,,,,,Zapatoca,SANTANDER,,false
902020945-2,CONELTECH S.A.S.,,,,,,Bucaramanga,SANTANDER,,false
91011014-1,CRISTANCHO DURAN RENE,,,,,,Barbosa,SANTANDER,,false
91011570-5,BARBOSA GORDILLO SANTIAGO,,,,,,Barbosa,SANTANDER,,false
91012681-9,MARTIN ALONSO TAVERA RODRIGUEZ,,edslacolombia@hotmail.com,,,,Floridablanca,SANTANDER,https://www.datos.gov.co/Estad-sticas-Nacionales/SECOP-II-Proveedores-Registrados/qmzu-gj57,true
91013072-8,BOHORQUEZ BUENO FRANCISCO,,,,,,Barbosa,SANTANDER,,false
91014995-5,PINEDA ESPITIA NELSON EDUARDO,,,,,,Barbosa,SANTANDER,,false
91018797-1,GARCIA TAVERA EDINSON,,,,,,Barbosa,SANTANDER,,false
91042456-6,RODRIGUEZ LOPEZ DOLCEY,,,,,,Floridablanca,SANTANDER,,false
91066167-6,ESTACION DE SERVICIO LA YE CURITI,FELIX.RINCONROJAS@GMAIL.COM,felix.rinconrojas@gmail.com,3012224436,,KM 9.5 VIA SAN GIL BUCARAMANGA,CURITi,SANTANDER,https://www.datos.gov.co/Estad-sticas-Nacionales/SECOP-II-Proveedores-Registrados/qmzu-gj57,true
91066991-9,RUEDA GUALDRON HUMBERTO,,,,,,San Gil,SANTANDER,,false
91068733-4,BUENO DURAN FABIO EDMUNDO,,,,,,San Gil,SANTANDER,,false
91071961-8,OSCAR ELIECER CHACON MARTINEZ,GERENCIA@OCHM.COM.CO,gerencia@ochm.com.co,3153195787,,CALLE 145 19 59,BOGOTa,DISTRITO CAPITAL DE BOGOTa,https://www.datos.gov.co/Estad-sticas-Nacionales/SECOP-II-Proveedores-Registrados/qmzu-gj57,true
91073414-1,JULIO CESAR CALVO CORREDOR,GERENCIA.JCCC@GMAIL.COM,gerencia.jccc@gmail.com,3132380182,,CALLE 52 N° 23-31 LOCAL 1 PISO 2,BUCARAMANGA,SANTANDER,https://www.datos.gov.co/Estad-sticas-Nacionales/SECOP-II-Proveedores-Registrados/qmzu-gj57,true
91073522-7,BOHORQUEZ ANGARITA NELSON,,,,,,Cepita,SANTANDER,,false
91073669-0,HERNANDEZ VILLANUEVA RAUL GUSTAVO,,,,,,Paramo,SANTANDER,,false
91074063-2,ROMERO SARMIENTO CLAUDIO,,,,,,San Gil,SANTANDER,,false
91101730-3,CASTELLANOS GOMEZ DAVID,,,,,,Socorro,SANTANDER,,false
91102931-1,PRIETO BAYONA HIRENARCO,,,,,,Socorro,SANTANDER,,false
91104383-4,RANGEL ORDUZ RICARDO,,,,,,Floridablanca,SANTANDER,,false
91105721-5,AMAYA CARLOS ALBERTO,,,,,,Socorro,SANTANDER,,false
91106632-2,REYES CASTILLO JOSE MAURICIO,,,,,,Socorro,SANTANDER,,false
91108626-7,USEDA CORREDOR OMAR,,,,,,Socorro,SANTANDER,,false
91108648-9,CALA MORENO GENARO,,,,,,Socorro,SANTANDER,,false
91109390-9,RODDY NELSON GONZALEZ PEREZ,RODDY_GONZALEZ@HOTMAIL.COM,roddy_gonzalez@hotmail.com,3118122843,,CARRERA 13,SOCORRO,SANTANDER,https://www.datos.gov.co/Estad-sticas-Nacionales/SECOP-II-Proveedores-Registrados/qmzu-gj57,true
91111609-2,TORRES MORANTE LUIS CARLOS,,,,,,Socorro,SANTANDER,,false
91130788-3,VILLAMIL PINZON DANIEL,,,,,,Simacota,SANTANDER,,false
91134969-8,MORENO LANDAZABAL JIM ALEXANDER,,,,,,Bucaramanga,SANTANDER,,false
91135583-3,ARDILA PINZON ARBEY,,,,,,Piedecuesta,SANTANDER,,false
91151438-0,SANABRIA MARTINEZ CESAR AUGUSTO,,,,,,Bucaramanga,SANTANDER,,false
91158321-1,MIZRAHI VASQUEZ AMET,,,,,,Giron,SANTANDER,,false
91175712-8,PARRA CAMACHO JUSTO,,,,,,Bucaramanga,SANTANDER,,false
91177554-1,PARRA  JOSE ANTONIO,,,,,,Bucaramanga,SANTANDER,,false
91179779-9,PEÑA RANGEL ALDEMAR,,,,,,Giron,SANTANDER,,false
91181197-9,ARDILA ALVEAR JESUS ERNESTO,,,,,,Piedecuesta,SANTANDER,,false
91182885-2,BARBOSA GONZALEZ JHON HENRY,,,,,,Giron,SANTANDER,,false
91203052-6,CARVAJAL GARZON MARIO FERNANDO,,,,,,Piedecuesta,SANTANDER,,false
91206815-2,SALAZAR ANGARITA LUIS FERNANDO,,,,,,Bucaramanga,SANTANDER,,false
91208686-8,GIL REMOLINA RUBEN,,,,,,Piedecuesta,SANTANDER,,false
91209775-1,MENDEZ ROJAS CRISANTO,,,,,,Floridablanca,SANTANDER,,false
91210598-4,FRANCISCO JAVIER MORENO RIVERO,,javierm1122@hotmail.com,,,,Bucaramanga,SANTANDER,https://www.datos.gov.co/Estad-sticas-Nacionales/SECOP-II-Proveedores-Registrados/qmzu-gj57,true
91211212-1,MARTINEZ SANTAMARIA ALFREDO,,,,,,Bucaramanga,SANTANDER,,false
91212799-7,CELIX JAVIER,,,,,,Bucaramanga,SANTANDER,,false
91213259-6,QUINTERO MONROY JULIAN,,,,,,Bucaramanga,SANTANDER,,false
91216360-6,CASTELLANOS MANTILLA ANGEL MARIA,,,,,,Bucaramanga,SANTANDER,,false
91216910-7,DISTRIBUCIONES JUAN MANUEL,,distrijm190@gmail.com,,,,Bucaramanga,SANTANDER,https://www.datos.gov.co/Estad-sticas-Nacionales/SECOP-II-Proveedores-Registrados/qmzu-gj57,true
91221914-6,LASPRILLA MEDINA LEONARDO,,,,,,Bucaramanga,SANTANDER,,false
91223276-4,LUIS FRANCISCO ESCOBAR GARCIA,FRANESCOBAR97@GMAIL.COM,franescobar97@gmail.com,6437097,,CARRERA 49 NO. 63-44    APTO  2 B    EDIFICIO CERROMONTE,BUCARAMANGA,SANTANDER,https://www.datos.gov.co/Estad-sticas-Nacionales/SECOP-II-Proveedores-Registrados/qmzu-gj57,true
91224706-4,MARIN RINCON ANTONIO,,,,,,Bucaramanga,SANTANDER,,false
91224829-1,JAIME ENRIQUE SANTOS RODRiGUEZ,,jaimesantos94@gmail.com,,,,Floridablanca,SANTANDER,https://www.datos.gov.co/Estad-sticas-Nacionales/SECOP-II-Proveedores-Registrados/qmzu-gj57,true
91225876-2,DULCEY SANCHEZ ORLANDO,,,,,,Bucaramanga,SANTANDER,,false
91227553-8,RODRIGUEZ ANAYA RODRIGO,,,,,,Floridablanca,SANTANDER,,false
91231204-8,BARAJAS RUEDA JORGE HERNAN,,,,,,Piedecuesta,SANTANDER,,false
91234221-7,PORRAS MEJIA ORLANDO,,,,,,Floridablanca,SANTANDER,,false
91236953-9,WIDAURCA,,widaurca@hotmail.com,,,,Bucaramanga,SANTANDER,https://www.datos.gov.co/Estad-sticas-Nacionales/SECOP-II-Proveedores-Registrados/qmzu-gj57,true
91239726-7,SUAREZ SARMIENTO JUAN CARLOS,,,,,,Bucaramanga,SANTANDER,,false
91246581-5,FERRETERIA JOSASE,HELVER.ALVAREZ@GMAIL.COM,helver.alvarez@gmail.com,6076714402,,CRA 22 # 14 -18 SAN FRANCISCO,BUCARAMANGA,SANTANDER,https://www.datos.gov.co/Estad-sticas-Nacionales/SECOP-II-Proveedores-Registrados/qmzu-gj57,true
91249144-3,PINEDA REY WILLIAM,,,,,,Bucaramanga,SANTANDER,,false
91251124-2,FERNANDEZ ROMAN MIGUEL ANGEL,,,,,,Bucaramanga,SANTANDER,,false
91251149-6,CASTRO MENESES ALBEIRO,,,,,,Bucaramanga,SANTANDER,,false
91251347-8,ARENAS JAIME HELMER,,,,,,Bucaramanga,SANTANDER,,false
91251532-4,VILLAMIZAR MIRANDA JUAN CARLOS,,,,,,Bucaramanga,SANTANDER,,false
91256586-4,RODRIGUEZ LIZARAZO JESUS ALBEIRO,,,,,,Bucaramanga,SANTANDER,,false
91256864-7,RIOS BAUTISTA ANGEL GUILLERMO,,,,,,Floridablanca,SANTANDER,,false
91257883-1,ARISMENDY PEREIRA GUSTAVO,,,,,,Bucaramanga,SANTANDER,,false
91259026-5,ROJAS ARIAS CARLOS ARTURO,,,,,,Lebrija,SANTANDER,,false
91262867-3,CARVAJAL JEREZ JAIRO,,,,,,Floridablanca,SANTANDER,,false
91263485-8,RAMIREZ RANGEL EDGAR HERNANDO,,,,,,Piedecuesta,SANTANDER,,false
91264026-5,PIMIENTO VILLAMIZAR CESAR AUGUSTO,,,,,,Bucaramanga,SANTANDER,,false
91269174-1,CORREA HERRERA JORGE ALBERTO,,,,,,Bucaramanga,SANTANDER,,false
91270810-8,VELANDIA BARAJAS LUIS ALBERTO,,,,,,Bucaramanga,SANTANDER,,false
91271595-3,HERRERA JAIMES REINALDO,,,,,,Bucaramanga,SANTANDER,,false
91272333-5,ESTEVEZ GAMEZ RUBEN DARIO,,,,,,Bucaramanga,SANTANDER,,false
91274077-3,EDUARDO RUIZ FRANCO,,rufrance2170@yahoo.es,,,,Bucaramanga,SANTANDER,https://www.datos.gov.co/Estad-sticas-Nacionales/SECOP-II-Proveedores-Registrados/qmzu-gj57,true
91274791-4,PEÑA LAITON ALEN,,,,,,Bucaramanga,SANTANDER,,false
91278757-1,HERNANDEZ GUERRA HERZEN ADOLFO,,,,,,Bucaramanga,SANTANDER,,false
91279404-1,LOPEZ BAEZ JUAN CARLOS,,,,,,Bucaramanga,SANTANDER,,false
91283730-3,MARCOLINO PEÑA,MARCOLINOEDS@GMAIL.COM,marcolinoeds@gmail.com,3134575086,,CRA 2 # 3 - 61 GUAPOTA,GUAPOTa,SANTANDER,https://www.datos.gov.co/Estad-sticas-Nacionales/SECOP-II-Proveedores-Registrados/qmzu-gj57,true
91286032-4,ESTACION DE SERVICIO GUACA,EDSGUACA@HOTMAIL.COM,edsguaca@hotmail.com,3168240983,,CRA 5 # 11-02,GUACA,SANTANDER,https://www.datos.gov.co/Estad-sticas-Nacionales/SECOP-II-Proveedores-Registrados/qmzu-gj57,true
91292527-2,REYES DIAZ LUIS EDUARDO,,,,,,Bucaramanga,SANTANDER,,false
91293456-2,CALDERON PEÑUELA HERLBERG,,,,,,Bucaramanga,SANTANDER,,false
91293875-5,ANGARITA CAMARGO FREDY,,,,,,Bucaramanga,SANTANDER,,false
91294169-8,LIZARAZO ROJAS HERNAN ALEXANDER,,,,,,Bucaramanga,SANTANDER,,false
91294338-6,DUARTE VILLAMIZAR RUBEN ANTONIO,,,,,,Giron,SANTANDER,,false
91294890-0,CARRILLO GALVIS HERNANDO,,,,,,Giron,SANTANDER,,false
91295531-6,GARCIA PEREZ ELKIN ADRIAN,,,,,,Giron,SANTANDER,,false
91297722-5,LUIS ANTONIO AMEZQUITA PIÑA,LA91297722@GMAIL.COM,la91297722@gmail.com,3162318711,,CALLE 15NB 19A 53 CASA 2 M6,BUCARAMANGA,SANTANDER,https://www.datos.gov.co/Estad-sticas-Nacionales/SECOP-II-Proveedores-Registrados/qmzu-gj57,true
91298963-8,ROJAS BARRERA PAULO CESAR,,,,,,Bucaramanga,SANTANDER,,false
91299293-6,RUEDA ANGEL EDUARDO,,,,,,Floridablanca,SANTANDER,,false
91300103-9,ROJAS QUIROGA GERARDO ANTONIO,,,,,,La Belleza,SANTANDER,,false
91301107-2,TELLEZ ROJAS LEONEL,,,,,,Florian,SANTANDER,,false
91301458-2,VARGAS JIMENEZ FERLY EURIBE,,,,,,La Belleza,SANTANDER,,false
91341995-7,REY QUESADA JAIRO,,,,,,Los Santos,SANTANDER,,false
91352540-7,LOZANO ABRIL DIDIER,,,,,,Piedecuesta,SANTANDER,,false
91352546-0,ANDReS NuÑEZ RUBIANO / PSICOACUSTICA,DIR.PROYECTOS@PSICOACUSTICA.COM,master@psicoacustica.com,3164641841,,CRA 4 # 8N-30 SANTILLANA CAMPESTRE OF. 2-11,PIEDECUESTA,SANTANDER,https://www.datos.gov.co/Estad-sticas-Nacionales/SECOP-II-Proveedores-Registrados/qmzu-gj57,true
91353843-8,CONTRERAS CHAPARRO JOSE JOAQUIN,,,,,,Piedecuesta,SANTANDER,,false
91356984-1,NIÑO ALMEYDA CRISTIAN JAVIER,,,,,,Piedecuesta,SANTANDER,,false
91422932-1,SANCHEZ PORTILLA ANGELMIRO,,,,,,Giron,SANTANDER,,false
91445375-8,AMAYA SALAZAR CERYS ARTURO,,,,,,Piedecuesta,SANTANDER,,false
91458260-6,JAVIER NAVARRO CACERES,JAVNACA531@GMAIL.COM,javnaca531@gmail.com,3208107007,,CALLE 6 # 1-53 PISO 2,SAN ANDReS,SANTANDER,https://www.datos.gov.co/Estad-sticas-Nacionales/SECOP-II-Proveedores-Registrados/qmzu-gj57,true
91458472-0,RAMON MARTINEZ ELIECER,,,,,,Piedecuesta,SANTANDER,,false
91459239-5,BOHORQUEZ GUARIN WILSON,,,,,,San Andres,SANTANDER,,false
91464534-3,PABON BLANCO JESUS,,,,,,Bucaramanga,SANTANDER,,false
91467698-6,MOTTA PORTILLA JHON ALEXANDER,,,,,,Betulia,SANTANDER,,false
91478488-3,MILLAN GONZALEZ JUAN CARLOS,,,,,,Bucaramanga,SANTANDER,,false
91480445-3,NELSON JAVIER LOPEZ RODRIGUEZ,,nel028@hotmail.com,,,,Bucaramanga,SANTANDER,https://www.datos.gov.co/Estad-sticas-Nacionales/SECOP-II-Proveedores-Registrados/qmzu-gj57,true
91486127-3,CABALLERO MONSALVE ROBINSON,,,,,,Piedecuesta,SANTANDER,,false
91486521-2,VARGAS LADINO WILLINGTON,,,,,,Bucaramanga,SANTANDER,,false
91487611-1,ABELLA CARDENAS YOVANNY,,,,,,Bucaramanga,SANTANDER,,false
91491473-7,LANDAZABAL SUAREZ PEDRO ANTONIO,,,,,,California,SANTANDER,,false
91492804-6,JOSE RUBEN TORRES CAMARGO,COMERCIALTORRESINGENIERIA@GMAIL.COM,comercialtorresingenieria@gmail.com,3143509007,,CRA 45 NO 55-98,BUCARAMANGA,SANTANDER,https://www.datos.gov.co/Estad-sticas-Nacionales/SECOP-II-Proveedores-Registrados/qmzu-gj57,true
91493035-3,IVAN ARTURO MORENO MARTINEZ,IVANCHO105@HOTMAIL.COM,ivancho105@hotmail.com,3176240396,,CALLE 44 N.36-13,BUCARAMANGA,SANTANDER,https://www.datos.gov.co/Estad-sticas-Nacionales/SECOP-II-Proveedores-Registrados/qmzu-gj57,true
91496555-5,GOMEZ ESTEBAN JOAQUIN,,,,,,Piedecuesta,SANTANDER,,false
91498007-1,GOMEZ SUAREZ TOMAS ENRIQUE,,,,,,Bucaramanga,SANTANDER,,false
91499675-4,PUENTES BAYONA ABELARDO,,,,,,Bucaramanga,SANTANDER,,false
91506745-2,BAUTISTA MALDONADO JUAN CARLOS,,,,,,Bucaramanga,SANTANDER,,false
91506937-1,JAIMES SOTO JHON JAIRO,,,,,,Lebrija,SANTANDER,,false
91509131-4,LEAL PABON DIEGO ANDRES,,,,,,Giron,SANTANDER,,false
91509717-1,GARCIA RINCON EDINSON,,,,,,Bucaramanga,SANTANDER,,false
91511322-0,SANCHEZ RINCON ALEXANDER,,,,,,Piedecuesta,SANTANDER,,false
91513672-2,DUARTE SERRANO JORGE ENRIQUE,,,,,,Bucaramanga,SANTANDER,,false
91513928-2,APARICIO RUIDIAZ JOSE ENRIQUE,,,,,,Bucaramanga,SANTANDER,,false
91513937-9,VILLAR SILVA FEISAR,,,,,,Bucaramanga,SANTANDER,,false
91516212-1,FLOREZ LIZARAZO ALFONSO,,,,,,Floridablanca,SANTANDER,,false
91516374-6,TORO SALAMANCA JHON JAIRO,,,,,,Bucaramanga,SANTANDER,,false
91517040-6,CONTRERAS JIMENEZ EDDY HERNAN,,,,,,Giron,SANTANDER,,false
91520724-6,RUEDA ZABALA CARLOS GILBERTO,,,,,,Bucaramanga,SANTANDER,,false
91524539-8,FERREIRA SANCHEZ EDICSON,,,,,,Rionegro,SANTANDER,,false
91525240-6,CHAVERRA ARIAS JUAN PABLO,,,,,,Floridablanca,SANTANDER,,false
91529623-1,DIAZ ZAFRA PABLO EMILIO,,,,,,Bucaramanga,SANTANDER,,false
91532598-6,DUARTE PINEDA SAMUEL HUMBERTO,,,,,,Bucaramanga,SANTANDER,,false
91534552-7,INGENIERIA  Y SERVICIOS AN INSTALACIONES,ALVARONOVA28@GMAIL.COM,alvaronova28@gmail.com,6076980421,HTTPS://WWW.INSTAGRAM.COM/ANINSTALACIONES/,CALLE 53 N 16-05 PISO 1,BUCARAMANGA,SANTANDER,https://www.datos.gov.co/Estad-sticas-Nacionales/SECOP-II-Proveedores-Registrados/qmzu-gj57,true
91535759-9,NIÑO TORRES ALEXANDER,,,,,,Bucaramanga,SANTANDER,,false
91536519-2,BONZA  CHRISTIAN MAURICIO,,,,,,Giron,SANTANDER,,false
91536522-5,LAMUS CARREÑO EDINSON JESUS,,,,,,Bucaramanga,SANTANDER,,false
91536537-5,SARMIENTO FERREIRA ROMAN ALBERTO,,,,,,Bucaramanga,SANTANDER,,false
91537542-7,COLMENARES FRANCO DIEGO ARMANDO,,,,,,Bucaramanga,SANTANDER,,false
91537588-5,RESTREPO JEREZ URIEL,,,,,,Bucaramanga,SANTANDER,,false
91539987-1,MENESES BAYONA JORGE EDUARDO,,,,,,Bucaramanga,SANTANDER,,false
91540428-6,LEAL PATIÑO MARIO FABIAN,,,,,,Bucaramanga,SANTANDER,,false
91541832-3,SUAREZ SOLANO ANDERSON YESID,,,,,,Giron,SANTANDER,,false
91542436-4,SOLANO CHAPARRO HUGO ARMANDO,,,,,,Giron,SANTANDER,,false
93236052-5,VARON MONTOYA JORGE WILBERT,,,,,,San Gil,SANTANDER,,false
96126079-2,BOTELLO BOTELLO ALVEIRO,,,,,,Bucaramanga,SANTANDER,,false
96167018-9,BEGAMBRE PRADA LEONARDO ELI,,,,,,Floridablanca,SANTANDER,,false
9692075-3,DIAZ DIAZ MATEO DE JESUS,,,,,,Bucaramanga,SANTANDER,,false
9692446-2,VILLEGAS ALCALA CARLOS AUDEN,,,,,,Bucaramanga,SANTANDER,,false
